log_time,image,compliance_score
01/11/2023 13:22:42,../../dataset/valid/N239001014.JPG,0.4827586206896552
01/11/2023 13:22:42,../../dataset/valid/N230201570.JPG,2.0
01/11/2023 13:22:42,../../dataset/valid/N230101709.JPG,0.42857142857142855
01/11/2023 13:22:42,../../dataset/valid/N230701220.JPG,0.8823529411764706
01/11/2023 13:22:42,../../dataset/valid/N230301766.JPG,0.09090909090909091
01/11/2023 13:22:42,../../dataset/valid/N230601354.JPG,0.09090909090909091
01/11/2023 13:22:42,../../dataset/valid/N230601432.JPG,0.5833333333333334
01/11/2023 13:22:42,../../dataset/valid/N230101669.JPG,0.8
01/11/2023 13:22:42,../../dataset/valid/N230101899.JPG,0.42857142857142855
01/11/2023 13:22:42,../../dataset/valid/N230601368.JPG,1.2
01/11/2023 13:22:42,../../dataset/valid/N231601055.JPG,0.0
01/11/2023 13:22:42,../../dataset/valid/N230101696.JPG,0.4230769230769231
01/11/2023 13:22:42,../../dataset/valid/N230601630.JPG,0.16666666666666666
01/11/2023 13:22:42,../../dataset/valid/N230501688.JPG,0.25925925925925924
01/11/2023 13:22:42,../../dataset/valid/N231701531.JPG,0.041666666666666664
01/11/2023 13:22:42,../../dataset/valid/N239001148.JPG,0.3
01/11/2023 13:22:42,../../dataset/valid/N230201404.JPG,0.5
01/11/2023 13:22:42,../../dataset/valid/N230201439.JPG,0.15151515151515152
01/11/2023 13:22:43,../../dataset/valid/N230201405.JPG,0.17647058823529413
01/11/2023 13:22:43,../../dataset/valid/N231701524.JPG,0.05555555555555555
01/11/2023 13:22:43,../../dataset/valid/N238100624.JPG,0.625
01/11/2023 13:22:43,../../dataset/valid/N230101683.JPG,0.15384615384615385
01/11/2023 13:22:43,../../dataset/valid/N231501013.JPG,0.3235294117647059
01/11/2023 13:22:43,../../dataset/valid/N231501007.JPG,0.0
01/11/2023 13:22:43,../../dataset/valid/N231701726.JPG,0.2777777777777778
01/11/2023 13:22:43,../../dataset/valid/N230601427.JPG,0.14285714285714285
01/11/2023 13:22:43,../../dataset/valid/N230501500.JPG,0.21428571428571427
01/11/2023 13:22:43,../../dataset/valid/N230501528.JPG,0.16666666666666666
01/11/2023 13:22:43,../../dataset/valid/N230301767.JPG,1.4
01/11/2023 13:22:43,../../dataset/valid/N231701652.JPG,0.0
01/11/2023 13:22:43,../../dataset/valid/N231401198.JPG,0.3888888888888889
01/11/2023 13:22:43,../../dataset/valid/N230701209.JPG,0.0
01/11/2023 13:22:43,../../dataset/valid/N239001203.JPG,0.0
01/11/2023 13:22:43,../../dataset/valid/N230501716.JPG,0.0625
01/11/2023 13:22:43,../../dataset/valid/N231600941.JPG,0.0
01/11/2023 13:22:43,../../dataset/valid/N231301102.JPG,0.1875
01/11/2023 13:22:43,../../dataset/valid/N230201565.JPG,0.0
01/11/2023 13:22:43,../../dataset/valid/N231600982.JPG,0.13636363636363635
01/11/2023 13:22:43,../../dataset/valid/N231600996.JPG,0.2
01/11/2023 13:22:44,../../dataset/valid/N231701444.JPG,0.0625
01/11/2023 13:22:44,../../dataset/valid/N239001015.JPG,0.19230769230769232
01/11/2023 13:22:44,../../dataset/valid/N239001017.JPG,0.14285714285714285
01/11/2023 13:22:44,../../dataset/valid/N230201598.JPG,0.5
01/11/2023 13:22:44,../../dataset/valid/N237100672.JPG,0.4166666666666667
01/11/2023 13:22:44,../../dataset/valid/N231200791.JPG,0.0
01/11/2023 13:22:44,../../dataset/valid/N230601545.JPG,0.0
01/11/2023 13:22:44,../../dataset/valid/N231200975.JPG,1.0
01/11/2023 13:22:44,../../dataset/valid/N230501516.JPG,0.38095238095238093
01/11/2023 13:22:44,../../dataset/valid/N231200801.JPG,0.0
01/11/2023 13:22:44,../../dataset/valid/N230601380.JPG,0.14285714285714285
01/11/2023 13:22:44,../../dataset/valid/N231501011.JPG,0.36363636363636365
01/11/2023 13:22:44,../../dataset/valid/N230301639.JPG,0.35714285714285715
01/11/2023 13:22:44,../../dataset/valid/N231704338.JPG,0.36363636363636365
01/11/2023 13:22:44,../../dataset/valid/N230201407.JPG,0.0
01/11/2023 13:22:44,../../dataset/valid/N230201604.JPG,0.24
01/11/2023 13:22:44,../../dataset/valid/N238100592.JPG,0.625
01/11/2023 13:22:44,../../dataset/valid/N230601587.JPG,0.23076923076923078
01/11/2023 13:22:44,../../dataset/valid/N230301770.JPG,0.8571428571428571
01/11/2023 13:22:44,../../dataset/valid/N239001214.JPG,0.35714285714285715
01/11/2023 13:22:44,../../dataset/valid/N238100551.JPG,0.0
01/11/2023 13:22:44,../../dataset/valid/N239001016.JPG,0.5555555555555556
01/11/2023 13:22:44,../../dataset/valid/N231701443.JPG,0.3333333333333333
01/11/2023 13:22:45,../../dataset/valid/N239001012.JPG,0.3333333333333333
01/11/2023 13:22:45,../../dataset/valid/N231707783.JPG,0.3
01/11/2023 13:22:45,../../dataset/valid/N231301105.JPG,0.5
01/11/2023 13:22:45,../../dataset/valid/N237100677.JPG,0.3333333333333333
01/11/2023 13:22:45,../../dataset/valid/N230601568.JPG,0.0
01/11/2023 13:22:45,../../dataset/valid/N238100555.JPG,0.7857142857142857
01/11/2023 13:22:45,../../dataset/valid/N230501513.JPG,0.41935483870967744
01/11/2023 13:22:45,../../dataset/valid/N230301748.JPG,0.1
01/11/2023 13:22:45,../../dataset/valid/N237000313.JPG,0.6666666666666666
01/11/2023 13:22:45,../../dataset/valid/N230601583.JPG,0.6
01/11/2023 13:22:45,../../dataset/valid/N230501473.JPG,0.0
01/11/2023 13:22:45,../../dataset/valid/N230601385.JPG,0.46153846153846156
01/11/2023 13:22:45,../../dataset/valid/N231100857.JPG,0.1111111111111111
01/11/2023 13:22:45,../../dataset/valid/N237000273.JPG,0.3
01/11/2023 13:22:45,../../dataset/valid/N238000179.JPG,0.0
01/11/2023 13:22:45,../../dataset/valid/N231301059.JPG,0.16666666666666666
01/11/2023 13:22:45,../../dataset/valid/N231301058.JPG,0.3
01/11/2023 13:22:45,../../dataset/valid/N239001198.JPG,0.3333333333333333
01/11/2023 13:22:45,../../dataset/valid/N236000371.JPG,0.06666666666666667
01/11/2023 13:22:45,../../dataset/valid/N230601390.JPG,0.15
01/11/2023 13:22:45,../../dataset/valid/N231501029.JPG,0.3333333333333333
01/11/2023 13:22:45,../../dataset/valid/N230101691.JPG,1.3333333333333333
01/11/2023 13:22:45,../../dataset/valid/N230601353.JPG,0.16666666666666666
01/11/2023 13:22:46,../../dataset/valid/N230301826.JPG,0.0
01/11/2023 13:22:46,../../dataset/valid/N231601052.JPG,0.8333333333333334
01/11/2023 13:22:46,../../dataset/valid/N231703080.JPG,0.45161290322580644
01/11/2023 13:22:46,../../dataset/valid/N238100554.JPG,0.0
01/11/2023 13:22:46,../../dataset/valid/N230701233.JPG,0.05263157894736842
01/11/2023 13:22:46,../../dataset/valid/N231300959.JPG,5.5
01/11/2023 13:22:46,../../dataset/valid/N230101726.JPG,0.0
01/11/2023 13:22:46,../../dataset/valid/N231701495.JPG,1.0294117647058822
01/11/2023 13:22:46,../../dataset/valid/N230102011.JPG,1.0
01/11/2023 13:22:46,../../dataset/valid/N231600984.JPG,0.1875
01/11/2023 13:22:46,../../dataset/valid/N230102007.JPG,0.9166666666666666
01/11/2023 13:22:46,../../dataset/valid/N230201561.JPG,0.46153846153846156
01/11/2023 13:22:46,../../dataset/valid/N239001213.JPG,0.12
01/11/2023 13:22:46,../../dataset/valid/N231601044.JPG,0.7777777777777778
01/11/2023 13:22:46,../../dataset/valid/N230101888.JPG,0.875
01/11/2023 13:22:46,../../dataset/valid/N230601437.JPG,0.8
01/11/2023 13:22:46,../../dataset/valid/N230701437.JPG,0.5
01/11/2023 13:22:46,../../dataset/valid/N230601609.JPG,0.5
01/11/2023 13:22:46,../../dataset/valid/N239001165.JPG,0.0
01/11/2023 13:22:46,../../dataset/valid/N230601621.JPG,1.0
01/11/2023 13:22:46,../../dataset/valid/N230501666.JPG,0.0
01/11/2023 13:22:46,../../dataset/valid/N230201428.JPG,0.36363636363636365
01/11/2023 13:22:46,../../dataset/valid/N239001170.JPG,0.0
01/11/2023 13:22:46,../../dataset/valid/N230601608.JPG,0.17647058823529413
01/11/2023 13:22:47,../../dataset/valid/N230701387.JPG,1.3333333333333333
01/11/2023 13:22:47,../../dataset/valid/N230601393.JPG,2.0
01/11/2023 13:22:47,../../dataset/valid/N231601086.JPG,0.6153846153846154
01/11/2023 13:22:47,../../dataset/valid/N231100869.JPG,0.15789473684210525
01/11/2023 13:22:47,../../dataset/valid/N231100882.JPG,0.5454545454545454
01/11/2023 13:22:47,../../dataset/valid/N230601436.JPG,0.5
01/11/2023 13:22:47,../../dataset/valid/N231100896.JPG,0.375
01/11/2023 13:22:47,../../dataset/valid/N231601079.JPG,0.2857142857142857
01/11/2023 13:22:47,../../dataset/valid/N231401176.JPG,0.15384615384615385
01/11/2023 13:22:47,../../dataset/valid/N237000311.JPG,0.0
01/11/2023 13:22:47,../../dataset/valid/N230301762.JPG,0.8571428571428571
01/11/2023 13:22:47,../../dataset/valid/N230501511.JPG,0.07142857142857142
01/11/2023 13:22:47,../../dataset/valid/N230101719.JPG,0.42857142857142855
01/11/2023 13:22:47,../../dataset/valid/N239001206.JPG,0.8181818181818182
01/11/2023 13:22:47,../../dataset/valid/N230601542.JPG,0.5714285714285714
01/11/2023 13:22:47,../../dataset/valid/N231200966.JPG,0.5925925925925926
01/11/2023 13:22:47,../../dataset/valid/N230102012.JPG,0.0
01/11/2023 13:22:47,../../dataset/valid/N231100985.JPG,2.5
01/11/2023 13:22:47,../../dataset/valid/N230701243.JPG,2.25
01/11/2023 13:22:47,../../dataset/valid/N231200901.JPG,0.5333333333333333
01/11/2023 13:22:47,../../dataset/valid/N231300915.JPG,0.18181818181818182
01/11/2023 13:22:47,../../dataset/valid/N231300901.JPG,0.0
01/11/2023 13:22:48,../../dataset/valid/N230701280.JPG,1.1818181818181819
01/11/2023 13:22:48,../../dataset/valid/N230101959.JPG,0.5555555555555556
01/11/2023 13:22:48,../../dataset/valid/N230601445.JPG,0.25
01/11/2023 13:22:48,../../dataset/valid/N230501370.JPG,0.5
01/11/2023 13:22:48,../../dataset/valid/N230301659.JPG,0.0
01/11/2023 13:22:48,../../dataset/valid/N230501402.JPG,0.5
01/11/2023 13:22:48,../../dataset/valid/N238100646.JPG,0.2777777777777778
01/11/2023 13:22:48,../../dataset/valid/N236100467.JPG,0.3333333333333333
01/11/2023 13:22:48,../../dataset/valid/N236000315.JPG,0.3333333333333333
01/11/2023 13:22:48,../../dataset/valid/N236000328.JPG,2.6666666666666665
01/11/2023 13:22:48,../../dataset/valid/N236100499.JPG,0.3333333333333333
01/11/2023 13:22:48,../../dataset/valid/N230501403.JPG,0.36363636363636365
01/11/2023 13:22:48,../../dataset/valid/N230201658.JPG,0.22857142857142856
01/11/2023 13:22:48,../../dataset/valid/N230201664.JPG,0.25
01/11/2023 13:22:48,../../dataset/valid/N231501064.JPG,0.09090909090909091
01/11/2023 13:22:48,../../dataset/valid/N231300860.JPG,0.2
01/11/2023 13:22:48,../../dataset/valid/N230101780.JPG,0.6666666666666666
01/11/2023 13:22:48,../../dataset/valid/N230101743.JPG,0.0
01/11/2023 13:22:48,../../dataset/valid/N231200914.JPG,0.3333333333333333
01/11/2023 13:22:48,../../dataset/valid/N230101757.JPG,0.3181818181818182
01/11/2023 13:22:48,../../dataset/valid/N231600922.JPG,0.0
01/11/2023 13:22:48,../../dataset/valid/N236100506.JPG,0.09090909090909091
01/11/2023 13:22:48,../../dataset/valid/N231701433.JPG,0.07692307692307693
01/11/2023 13:22:49,../../dataset/valid/N231500959.JPG,0.16666666666666666
01/11/2023 13:22:49,../../dataset/valid/N239001060.JPG,0.0
01/11/2023 13:22:49,../../dataset/valid/N236100538.JPG,0.29411764705882354
01/11/2023 13:22:49,../../dataset/valid/N230601526.JPG,0.75
01/11/2023 13:22:49,../../dataset/valid/N230301921.JPG,1.3076923076923077
01/11/2023 13:22:49,../../dataset/valid/N231701627.JPG,0.9375
01/11/2023 13:22:49,../../dataset/valid/N230701283.JPG,0.3333333333333333
01/11/2023 13:22:49,../../dataset/valid/N230101972.JPG,0.3333333333333333
01/11/2023 13:22:49,../../dataset/valid/N231501112.JPG,0.75
01/11/2023 13:22:49,../../dataset/valid/N231100979.JPG,0.5
01/11/2023 13:22:49,../../dataset/valid/N230701334.JPG,0.2857142857142857
01/11/2023 13:22:49,../../dataset/valid/N230301869.JPG,0.11764705882352941
01/11/2023 13:22:49,../../dataset/valid/N231200862.JPG,0.0
01/11/2023 13:22:49,../../dataset/valid/N231300862.JPG,0.1111111111111111
01/11/2023 13:22:49,../../dataset/valid/N230201672.JPG,0.35714285714285715
01/11/2023 13:22:49,../../dataset/valid/N230501429.JPG,1.0
01/11/2023 13:22:49,../../dataset/valid/N231501066.JPG,0.14285714285714285
01/11/2023 13:22:49,../../dataset/valid/N230601491.JPG,0.07692307692307693
01/11/2023 13:22:49,../../dataset/valid/N238100651.JPG,2.0
01/11/2023 13:22:49,../../dataset/valid/N239001100.JPG,2.25
01/11/2023 13:22:49,../../dataset/valid/N231701551.JPG,0.0
01/11/2023 13:22:49,../../dataset/valid/N231401264.JPG,0.0625
01/11/2023 13:22:49,../../dataset/valid/N230601693.JPG,2.0
01/11/2023 13:22:50,../../dataset/valid/N230201464.JPG,0.4
01/11/2023 13:22:50,../../dataset/valid/N231301002.JPG,0.14285714285714285
01/11/2023 13:22:50,../../dataset/valid/N230201459.JPG,0.2777777777777778
01/11/2023 13:22:50,../../dataset/valid/N231301016.JPG,1.6666666666666667
01/11/2023 13:22:50,../../dataset/valid/N238100650.JPG,0.6363636363636364
01/11/2023 13:22:50,../../dataset/valid/N230501400.JPG,0.0
01/11/2023 13:22:50,../../dataset/valid/N230601490.JPG,0.3333333333333333
01/11/2023 13:22:50,../../dataset/valid/N231501073.JPG,0.0
01/11/2023 13:22:50,../../dataset/valid/N230701309.JPG,0.14285714285714285
01/11/2023 13:22:50,../../dataset/valid/N230601447.JPG,0.3333333333333333
01/11/2023 13:22:50,../../dataset/valid/N230701282.JPG,1.3333333333333333
01/11/2023 13:22:50,../../dataset/valid/N230701255.JPG,1.5
01/11/2023 13:22:50,../../dataset/valid/N237100638.JPG,0.46153846153846156
01/11/2023 13:22:50,../../dataset/valid/N237100610.JPG,0.6875
01/11/2023 13:22:50,../../dataset/valid/N230601725.JPG,0.25
01/11/2023 13:22:50,../../dataset/valid/N230601735.JPG,0.16666666666666666
01/11/2023 13:22:50,../../dataset/valid/N230201529.JPG,0.47368421052631576
01/11/2023 13:22:50,../../dataset/valid/N231600919.JPG,0.8888888888888888
01/11/2023 13:22:50,../../dataset/valid/N231200913.JPG,0.6666666666666666
01/11/2023 13:22:50,../../dataset/valid/N230101750.JPG,0.6153846153846154
01/11/2023 13:22:50,../../dataset/valid/N230101778.JPG,0.4166666666666667
01/11/2023 13:22:50,../../dataset/valid/N231100997.JPG,0.6666666666666666
01/11/2023 13:22:50,../../dataset/valid/N230101793.JPG,0.3333333333333333
01/11/2023 13:22:50,../../dataset/valid/N230701292.JPG,1.0
01/11/2023 13:22:51,../../dataset/valid/N230101977.JPG,0.22727272727272727
01/11/2023 13:22:51,../../dataset/valid/N230501558.JPG,0.17647058823529413
01/11/2023 13:22:51,../../dataset/valid/N231300867.JPG,0.5
01/11/2023 13:22:51,../../dataset/valid/N230701457.JPG,0.6842105263157895
01/11/2023 13:22:51,../../dataset/valid/N230601457.JPG,0.36363636363636365
01/11/2023 13:22:51,../../dataset/valid/N230701443.JPG,1.25
01/11/2023 13:22:51,../../dataset/valid/N230501410.JPG,1.1666666666666667
01/11/2023 13:22:51,../../dataset/valid/N231501063.JPG,0.0
01/11/2023 13:22:51,../../dataset/valid/N238100654.JPG,0.3333333333333333
01/11/2023 13:22:51,../../dataset/valid/N236100475.JPG,1.25
01/11/2023 13:22:51,../../dataset/valid/N231301006.JPG,0.18181818181818182
01/11/2023 13:22:51,../../dataset/valid/N231301007.JPG,0.0
01/11/2023 13:22:51,../../dataset/valid/N230201448.JPG,0.2
01/11/2023 13:22:51,../../dataset/valid/N238100655.JPG,1.0
01/11/2023 13:22:51,../../dataset/valid/N231501076.JPG,0.0
01/11/2023 13:22:51,../../dataset/valid/N230301851.JPG,0.0
01/11/2023 13:22:51,../../dataset/valid/N231705525.JPG,0.13636363636363635
01/11/2023 13:22:51,../../dataset/valid/N237100588.JPG,0.25
01/11/2023 13:22:51,../../dataset/valid/N230701293.JPG,0.0
01/11/2023 13:22:51,../../dataset/valid/N231501102.JPG,0.14285714285714285
01/11/2023 13:22:51,../../dataset/valid/N230701287.JPG,0.23076923076923078
01/11/2023 13:22:51,../../dataset/valid/N231100969.JPG,0.4
01/11/2023 13:22:52,../../dataset/valid/N230701250.JPG,0.0
01/11/2023 13:22:52,../../dataset/valid/N236100500.JPG,0.0
01/11/2023 13:22:52,../../dataset/valid/N230201528.JPG,0.4444444444444444
01/11/2023 13:22:52,../../dataset/valid/N230601720.JPG,0.48
01/11/2023 13:22:52,../../dataset/valid/N230601734.JPG,0.6666666666666666
01/11/2023 13:22:52,../../dataset/valid/N239001064.JPG,0.4
01/11/2023 13:22:52,../../dataset/valid/N236100502.JPG,0.46153846153846156
01/11/2023 13:22:52,../../dataset/valid/N236100516.JPG,0.05263157894736842
01/11/2023 13:22:52,../../dataset/valid/N231701621.JPG,0.11764705882352941
01/11/2023 13:22:52,../../dataset/valid/N231701635.JPG,0.25
01/11/2023 13:22:52,../../dataset/valid/N230101747.JPG,0.3333333333333333
01/11/2023 13:22:52,../../dataset/valid/N230301933.JPG,0.21428571428571427
01/11/2023 13:22:52,../../dataset/valid/N230701246.JPG,0.23076923076923078
01/11/2023 13:22:52,../../dataset/valid/N230601534.JPG,0.0
01/11/2023 13:22:52,../../dataset/valid/N230301700.JPG,0.75
01/11/2023 13:22:52,../../dataset/valid/N230701291.JPG,0.375
01/11/2023 13:22:52,../../dataset/valid/N230701285.JPG,0.75
01/11/2023 13:22:52,../../dataset/valid/N231100957.JPG,0.5833333333333334
01/11/2023 13:22:52,../../dataset/valid/N231300864.JPG,1.0
01/11/2023 13:22:52,../../dataset/valid/N231200870.JPG,0.4
01/11/2023 13:22:52,../../dataset/valid/N230601454.JPG,0.26666666666666666
01/11/2023 13:22:52,../../dataset/valid/N231200858.JPG,0.8461538461538461
01/11/2023 13:22:52,../../dataset/valid/N230201660.JPG,1.2777777777777777
01/11/2023 13:22:53,../../dataset/valid/N236100476.JPG,0.15789473684210525
01/11/2023 13:22:53,../../dataset/valid/N230201476.JPG,0.14285714285714285
01/11/2023 13:22:53,../../dataset/valid/N230501638.JPG,0.7272727272727273
01/11/2023 13:22:53,../../dataset/valid/N231401263.JPG,0.0
01/11/2023 13:22:53,../../dataset/valid/N230201477.JPG,0.03225806451612903
01/11/2023 13:22:53,../../dataset/valid/N231401277.JPG,0.6
01/11/2023 13:22:53,../../dataset/valid/N231701595.JPG,0.4166666666666667
01/11/2023 13:22:53,../../dataset/valid/N239001107.JPG,0.36363636363636365
01/11/2023 13:22:53,../../dataset/valid/N230301661.JPG,0.5454545454545454
01/11/2023 13:22:53,../../dataset/valid/N230101829.JPG,0.0
01/11/2023 13:22:53,../../dataset/valid/N231200871.JPG,0.0
01/11/2023 13:22:53,../../dataset/valid/N231501101.JPG,0.5
01/11/2023 13:22:53,../../dataset/valid/N230101975.JPG,1.0
01/11/2023 13:22:53,../../dataset/valid/N230501572.JPG,0.375
01/11/2023 13:22:53,../../dataset/valid/N231401303.JPG,2.0
01/11/2023 13:22:53,../../dataset/valid/N236100517.JPG,3.0
01/11/2023 13:22:53,../../dataset/valid/N231500951.JPG,0.3333333333333333
01/11/2023 13:22:53,../../dataset/valid/N231401326.JPG,0.09090909090909091
01/11/2023 13:22:53,../../dataset/valid/N230701262.JPG,0.08695652173913043
01/11/2023 13:22:53,../../dataset/valid/N230301917.JPG,0.16666666666666666
01/11/2023 13:22:53,../../dataset/valid/N230501543.JPG,1.6
01/11/2023 13:22:53,../../dataset/valid/N230701302.JPG,0.09090909090909091
01/11/2023 13:22:53,../../dataset/valid/N237100592.JPG,0.41379310344827586
01/11/2023 13:22:54,../../dataset/valid/N231300868.JPG,0.1111111111111111
01/11/2023 13:22:54,../../dataset/valid/N230501386.JPG,0.5
01/11/2023 13:22:54,../../dataset/valid/N230301888.JPG,0.0
01/11/2023 13:22:54,../../dataset/valid/N230301650.JPG,0.2727272727272727
01/11/2023 13:22:54,../../dataset/valid/N230501423.JPG,0.6666666666666666
01/11/2023 13:22:54,../../dataset/valid/N230201446.JPG,0.0
01/11/2023 13:22:54,../../dataset/valid/N230201452.JPG,0.0
01/11/2023 13:22:54,../../dataset/valid/N230201453.JPG,0.25
01/11/2023 13:22:54,../../dataset/valid/N231401253.JPG,0.35714285714285715
01/11/2023 13:22:54,../../dataset/valid/N230201447.JPG,0.16666666666666666
01/11/2023 13:22:54,../../dataset/valid/N230601667.JPG,0.42857142857142855
01/11/2023 13:22:54,../../dataset/valid/N231401284.JPG,0.3333333333333333
01/11/2023 13:22:54,../../dataset/valid/N231401290.JPG,0.75
01/11/2023 13:22:54,../../dataset/valid/N231300896.JPG,1.4
01/11/2023 13:22:54,../../dataset/valid/N230601471.JPG,0.6428571428571429
01/11/2023 13:22:54,../../dataset/valid/N230701288.JPG,0.5238095238095238
01/11/2023 13:22:54,../../dataset/valid/N231501125.JPG,0.09090909090909091
01/11/2023 13:22:54,../../dataset/valid/N230601539.JPG,0.7142857142857143
01/11/2023 13:22:54,../../dataset/valid/N230101776.JPG,0.375
01/11/2023 13:22:54,../../dataset/valid/N230201527.JPG,0.3181818181818182
01/11/2023 13:22:54,../../dataset/valid/N231500993.JPG,1.1666666666666667
01/11/2023 13:22:54,../../dataset/valid/N230601707.JPG,1.1
01/11/2023 13:22:54,../../dataset/valid/N230201531.JPG,0.0
01/11/2023 13:22:55,../../dataset/valid/N231600929.JPG,0.08333333333333333
01/11/2023 13:22:55,../../dataset/valid/N231401325.JPG,0.2
01/11/2023 13:22:55,../../dataset/valid/N236100531.JPG,0.5
01/11/2023 13:22:55,../../dataset/valid/N230701275.JPG,0.06666666666666667
01/11/2023 13:22:55,../../dataset/valid/N231200923.JPG,0.2727272727272727
01/11/2023 13:22:55,../../dataset/valid/N237100585.JPG,0.3333333333333333
01/11/2023 13:22:55,../../dataset/valid/N230501385.JPG,0.2
01/11/2023 13:22:55,../../dataset/valid/N231501047.JPG,0.7058823529411765
01/11/2023 13:22:55,../../dataset/valid/N236100492.JPG,0.3333333333333333
01/11/2023 13:22:55,../../dataset/valid/N230201445.JPG,0.25
01/11/2023 13:22:55,../../dataset/valid/N231301036.JPG,0.42105263157894735
01/11/2023 13:22:55,../../dataset/valid/N230501636.JPG,0.0
01/11/2023 13:22:55,../../dataset/valid/N236000322.JPG,0.75
01/11/2023 13:22:55,../../dataset/valid/N230201450.JPG,0.0
01/11/2023 13:22:55,../../dataset/valid/N239001120.JPG,0.3333333333333333
01/11/2023 13:22:55,../../dataset/valid/N230201493.JPG,0.4166666666666667
01/11/2023 13:22:55,../../dataset/valid/N230501435.JPG,0.3333333333333333
01/11/2023 13:22:55,../../dataset/valid/N230701328.JPG,1.0
01/11/2023 13:22:55,../../dataset/valid/N231601015.JPG,0.0
01/11/2023 13:22:55,../../dataset/valid/N230301849.JPG,0.4
01/11/2023 13:22:55,../../dataset/valid/N230601466.JPG,0.0
01/11/2023 13:22:55,../../dataset/valid/N237100590.JPG,0.6363636363636364
01/11/2023 13:22:55,../../dataset/valid/N230301726.JPG,0.2777777777777778
01/11/2023 13:22:55,../../dataset/valid/N230101775.JPG,0.0
01/11/2023 13:22:56,../../dataset/valid/N231200922.JPG,0.34285714285714286
01/11/2023 13:22:56,../../dataset/valid/N230501596.JPG,1.3333333333333333
01/11/2023 13:22:56,../../dataset/valid/N230301915.JPG,0.4444444444444444
01/11/2023 13:22:56,../../dataset/valid/N230101749.JPG,0.4
01/11/2023 13:22:56,../../dataset/valid/N231401318.JPG,0.0
01/11/2023 13:22:56,../../dataset/valid/N236100530.JPG,0.25
01/11/2023 13:22:56,../../dataset/valid/N230201530.JPG,2.2
01/11/2023 13:22:56,../../dataset/valid/N230201524.JPG,0.4
01/11/2023 13:22:56,../../dataset/valid/N236100508.JPG,0.631578947368421
01/11/2023 13:22:56,../../dataset/valid/N230501586.JPG,1.5714285714285714
01/11/2023 13:22:56,../../dataset/valid/N230101995.JPG,2.0
01/11/2023 13:22:56,../../dataset/valid/N230701476.JPG,0.1875
01/11/2023 13:22:56,../../dataset/valid/N230701304.JPG,0.19230769230769232
01/11/2023 13:22:56,../../dataset/valid/N230301695.JPG,0.5555555555555556
01/11/2023 13:22:56,../../dataset/valid/N230301656.JPG,0.1875
01/11/2023 13:22:56,../../dataset/valid/N236100497.JPG,0.2
01/11/2023 13:22:56,../../dataset/valid/N239001118.JPG,0.6666666666666666
01/11/2023 13:22:56,../../dataset/valid/N231401268.JPG,0.5263157894736842
01/11/2023 13:22:56,../../dataset/valid/N236100469.JPG,0.3333333333333333
01/11/2023 13:22:56,../../dataset/valid/N230201441.JPG,0.4
01/11/2023 13:22:56,../../dataset/valid/N236000327.JPG,0.6666666666666666
01/11/2023 13:22:56,../../dataset/valid/N231301026.JPG,0.058823529411764705
01/11/2023 13:22:56,../../dataset/valid/N230201496.JPG,0.0
01/11/2023 13:22:57,../../dataset/valid/N231501043.JPG,0.0
01/11/2023 13:22:57,../../dataset/valid/N230301657.JPG,0.14285714285714285
01/11/2023 13:22:57,../../dataset/valid/N230101837.JPG,2.5
01/11/2023 13:22:57,../../dataset/valid/N231501057.JPG,0.0
01/11/2023 13:22:57,../../dataset/valid/N230501424.JPG,0.45454545454545453
01/11/2023 13:22:57,../../dataset/valid/N230201680.JPG,0.2
01/11/2023 13:22:57,../../dataset/valid/N237100581.JPG,1.0
01/11/2023 13:22:57,../../dataset/valid/N230501578.JPG,0.6
01/11/2023 13:22:57,../../dataset/valid/N231100974.JPG,0.0
01/11/2023 13:22:57,../../dataset/valid/N230501550.JPG,0.2857142857142857
01/11/2023 13:22:57,../../dataset/valid/N231300927.JPG,0.42857142857142855
01/11/2023 13:22:57,../../dataset/valid/N237100634.JPG,2.4
01/11/2023 13:22:57,../../dataset/valid/N239001086.JPG,0.08333333333333333
01/11/2023 13:22:57,../../dataset/valid/N230601703.JPG,0.52
01/11/2023 13:22:57,../../dataset/valid/N231500954.JPG,0.3157894736842105
01/11/2023 13:22:57,../../dataset/valid/N230601529.JPG,0.4444444444444444
01/11/2023 13:22:57,../../dataset/valid/N230601515.JPG,0.2
01/11/2023 13:22:57,../../dataset/valid/N230701267.JPG,0.0
01/11/2023 13:22:57,../../dataset/valid/N230701298.JPG,0.1
01/11/2023 13:22:57,../../dataset/valid/N230301709.JPG,0.6666666666666666
01/11/2023 13:22:57,../../dataset/valid/N231501121.JPG,0.0
01/11/2023 13:22:57,../../dataset/valid/N230101799.JPG,0.4
01/11/2023 13:22:57,../../dataset/valid/N231100976.JPG,1.5384615384615385
01/11/2023 13:22:58,../../dataset/valid/N231200851.JPG,0.6666666666666666
01/11/2023 13:22:58,../../dataset/valid/N230501397.JPG,0.8571428571428571
01/11/2023 13:22:58,../../dataset/valid/N231300879.JPG,0.5
01/11/2023 13:22:58,../../dataset/valid/N237100583.JPG,0.2727272727272727
01/11/2023 13:22:58,../../dataset/valid/N230301682.JPG,0.2903225806451613
01/11/2023 13:22:58,../../dataset/valid/N230301669.JPG,0.0
01/11/2023 13:22:58,../../dataset/valid/N230201669.JPG,0.4222222222222222
01/11/2023 13:22:58,../../dataset/valid/N236100494.JPG,0.0
01/11/2023 13:22:58,../../dataset/valid/N239001127.JPG,0.2
01/11/2023 13:22:58,../../dataset/valid/N231301024.JPG,0.26666666666666666
01/11/2023 13:22:58,../../dataset/valid/N231401242.JPG,0.75
01/11/2023 13:22:58,../../dataset/valid/N230201442.JPG,1.25
01/11/2023 13:22:58,../../dataset/valid/N231401256.JPG,1.1666666666666667
01/11/2023 13:22:58,../../dataset/valid/N230501625.JPG,0.0
01/11/2023 13:22:58,../../dataset/valid/N236000330.JPG,0.0
01/11/2023 13:22:58,../../dataset/valid/N231301025.JPG,0.6190476190476191
01/11/2023 13:22:58,../../dataset/valid/N230301654.JPG,0.5
01/11/2023 13:22:58,../../dataset/valid/N230101808.JPG,0.3
01/11/2023 13:22:58,../../dataset/valid/N230301668.JPG,0.0
01/11/2023 13:22:58,../../dataset/valid/N231200893.JPG,0.25
01/11/2023 13:22:58,../../dataset/valid/N231708792.JPG,0.48
01/11/2023 13:22:58,../../dataset/valid/N230701312.JPG,0.25
01/11/2023 13:22:58,../../dataset/valid/N237100582.JPG,0.125
01/11/2023 13:22:59,../../dataset/valid/N230301697.JPG,0.0
01/11/2023 13:22:59,../../dataset/valid/N230601474.JPG,0.9090909090909091
01/11/2023 13:22:59,../../dataset/valid/N230501382.JPG,0.21428571428571427
01/11/2023 13:22:59,../../dataset/valid/N230601514.JPG,0.3
01/11/2023 13:22:59,../../dataset/valid/N231200918.JPG,0.6
01/11/2023 13:22:59,../../dataset/valid/N230601528.JPG,0.3076923076923077
01/11/2023 13:22:59,../../dataset/valid/N231701615.JPG,1.0
01/11/2023 13:22:59,../../dataset/valid/N230201522.JPG,2.0
01/11/2023 13:22:59,../../dataset/valid/N236100545.JPG,0.5
01/11/2023 13:22:59,../../dataset/valid/N230201579.JPG,0.5714285714285714
01/11/2023 13:22:59,../../dataset/valid/N230601567.JPG,0.2
01/11/2023 13:22:59,../../dataset/valid/N239001223.JPG,0.0
01/11/2023 13:22:59,../../dataset/valid/N231401190.JPG,0.0
01/11/2023 13:22:59,../../dataset/valid/N231601100.JPG,0.1111111111111111
01/11/2023 13:22:59,../../dataset/valid/N231300943.JPG,0.5833333333333334
01/11/2023 13:22:59,../../dataset/valid/N230301747.JPG,0.1
01/11/2023 13:22:59,../../dataset/valid/N231100910.JPG,0.1111111111111111
01/11/2023 13:22:59,../../dataset/valid/N231300994.JPG,0.3076923076923077
01/11/2023 13:22:59,../../dataset/valid/N230601361.JPG,0.1111111111111111
01/11/2023 13:22:59,../../dataset/valid/N230601349.JPG,0.6666666666666666
01/11/2023 13:22:59,../../dataset/valid/N230101660.JPG,2.0
01/11/2023 13:22:59,../../dataset/valid/N231701712.JPG,0.35714285714285715
01/11/2023 13:22:59,../../dataset/valid/N239001141.JPG,0.1111111111111111
01/11/2023 13:22:59,../../dataset/valid/N231101039.JPG,0.29411764705882354
01/11/2023 13:23:00,../../dataset/valid/N231401225.JPG,1.0
01/11/2023 13:23:00,../../dataset/valid/N236000343.JPG,0.7142857142857143
01/11/2023 13:23:00,../../dataset/valid/N239001197.JPG,1.0
01/11/2023 13:23:00,../../dataset/valid/N231501032.JPG,0.0
01/11/2023 13:23:00,../../dataset/valid/N230101661.JPG,0.6086956521739131
01/11/2023 13:23:00,../../dataset/valid/N230601360.JPG,0.21052631578947367
01/11/2023 13:23:00,../../dataset/valid/N230601374.JPG,0.3333333333333333
01/11/2023 13:23:00,../../dataset/valid/N231300942.JPG,0.6428571428571429
01/11/2023 13:23:00,../../dataset/valid/N230701228.JPG,0.14285714285714285
01/11/2023 13:23:00,../../dataset/valid/N231601129.JPG,0.19047619047619047
01/11/2023 13:23:00,../../dataset/valid/N238000201.JPG,0.5333333333333333
01/11/2023 13:23:00,../../dataset/valid/N230601570.JPG,4.0
01/11/2023 13:23:00,../../dataset/valid/N238100559.JPG,0.16666666666666666
01/11/2023 13:23:00,../../dataset/valid/N231200798.JPG,0.1111111111111111
01/11/2023 13:23:00,../../dataset/valid/N230101717.JPG,0.2
01/11/2023 13:23:00,../../dataset/valid/N231300954.JPG,0.7391304347826086
01/11/2023 13:23:00,../../dataset/valid/N230101918.JPG,0.25
01/11/2023 13:23:00,../../dataset/valid/N230501523.JPG,0.125
01/11/2023 13:23:00,../../dataset/valid/N231200820.JPG,1.25
01/11/2023 13:23:00,../../dataset/valid/N231100873.JPG,0.2222222222222222
01/11/2023 13:23:00,../../dataset/valid/N231101012.JPG,1.6
01/11/2023 13:23:00,../../dataset/valid/N230201432.JPG,0.0
01/11/2023 13:23:00,../../dataset/valid/N236000354.JPG,0.5
01/11/2023 13:23:01,../../dataset/valid/N230301631.JPG,0.6666666666666666
01/11/2023 13:23:01,../../dataset/valid/N231100866.JPG,0.8
01/11/2023 13:23:01,../../dataset/valid/N230201631.JPG,0.5833333333333334
01/11/2023 13:23:01,../../dataset/valid/N231200835.JPG,0.0
01/11/2023 13:23:01,../../dataset/valid/N231701704.JPG,0.7391304347826086
01/11/2023 13:23:01,../../dataset/valid/N231200809.JPG,1.1818181818181819
01/11/2023 13:23:01,../../dataset/valid/N230101886.JPG,2.142857142857143
01/11/2023 13:23:01,../../dataset/valid/N231200772.JPG,0.375
01/11/2023 13:23:01,../../dataset/valid/N231701664.JPG,1.0
01/11/2023 13:23:01,../../dataset/valid/N230201547.JPG,0.3333333333333333
01/11/2023 13:23:01,../../dataset/valid/N231701466.JPG,0.0
01/11/2023 13:23:01,../../dataset/valid/N230201543.JPG,0.21428571428571427
01/11/2023 13:23:01,../../dataset/valid/N239001219.JPG,0.2857142857142857
01/11/2023 13:23:01,../../dataset/valid/N231300951.JPG,0.25
01/11/2023 13:23:01,../../dataset/valid/N230301796.JPG,0.1
01/11/2023 13:23:01,../../dataset/valid/N230301782.JPG,1.0
01/11/2023 13:23:01,../../dataset/valid/N230501532.JPG,0.0
01/11/2023 13:23:01,../../dataset/valid/N230501526.JPG,0.0
01/11/2023 13:23:01,../../dataset/valid/N231200776.JPG,0.0
01/11/2023 13:23:01,../../dataset/valid/N231701700.JPG,0.1111111111111111
01/11/2023 13:23:01,../../dataset/valid/N231200819.JPG,0.6
01/11/2023 13:23:01,../../dataset/valid/N230601367.JPG,0.23076923076923078
01/11/2023 13:23:01,../../dataset/valid/N231703659.JPG,0.2
01/11/2023 13:23:02,../../dataset/valid/N231501009.JPG,0.14285714285714285
01/11/2023 13:23:02,../../dataset/valid/N230101841.JPG,0.7142857142857143
01/11/2023 13:23:02,../../dataset/valid/N231701516.JPG,0.45454545454545453
01/11/2023 13:23:02,../../dataset/valid/N231301044.JPG,0.631578947368421
01/11/2023 13:23:02,../../dataset/valid/N231301078.JPG,0.0
01/11/2023 13:23:02,../../dataset/valid/N230101854.JPG,0.07142857142857142
01/11/2023 13:23:02,../../dataset/valid/N230101883.JPG,0.0
01/11/2023 13:23:02,../../dataset/valid/N230601366.JPG,0.25
01/11/2023 13:23:02,../../dataset/valid/N231200824.JPG,3.0
01/11/2023 13:23:02,../../dataset/valid/N238100575.JPG,0.6153846153846154
01/11/2023 13:23:02,../../dataset/valid/N230301797.JPG,0.4
01/11/2023 13:23:02,../../dataset/valid/N231401197.JPG,0.6
01/11/2023 13:23:02,../../dataset/valid/N231600966.JPG,0.36363636363636365
01/11/2023 13:23:02,../../dataset/valid/N231701463.JPG,0.0
01/11/2023 13:23:02,../../dataset/valid/N230201554.JPG,0.625
01/11/2023 13:23:02,../../dataset/valid/N231701677.JPG,0.0
01/11/2023 13:23:02,../../dataset/valid/N230601576.JPG,0.42857142857142855
01/11/2023 13:23:02,../../dataset/valid/N231300985.JPG,0.6666666666666666
01/11/2023 13:23:02,../../dataset/valid/N230601589.JPG,0.3125
01/11/2023 13:23:02,../../dataset/valid/N230101671.JPG,1.0
01/11/2023 13:23:02,../../dataset/valid/N230701364.JPG,0.15789473684210525
01/11/2023 13:23:02,../../dataset/valid/N230601364.JPG,0.75
01/11/2023 13:23:02,../../dataset/valid/N230501445.JPG,0.5555555555555556
01/11/2023 13:23:03,../../dataset/valid/N231701529.JPG,0.4857142857142857
01/11/2023 13:23:03,../../dataset/valid/N232800024.JPG,0.29411764705882354
01/11/2023 13:23:03,../../dataset/valid/N230601600.JPG,0.0
01/11/2023 13:23:03,../../dataset/valid/N239001150.JPG,0.14285714285714285
01/11/2023 13:23:03,../../dataset/valid/N230201408.JPG,0.0
01/11/2023 13:23:03,../../dataset/valid/N230201420.JPG,0.2
01/11/2023 13:23:03,../../dataset/valid/N238100600.JPG,0.4444444444444444
01/11/2023 13:23:03,../../dataset/valid/N239001179.JPG,0.6
01/11/2023 13:23:03,../../dataset/valid/N230601629.JPG,0.3125
01/11/2023 13:23:03,../../dataset/valid/N231301085.JPG,0.3333333333333333
01/11/2023 13:23:03,../../dataset/valid/N230201623.JPG,0.3076923076923077
01/11/2023 13:23:03,../../dataset/valid/N231100874.JPG,0.42857142857142855
01/11/2023 13:23:03,../../dataset/valid/N230101664.JPG,1.1818181818181819
01/11/2023 13:23:03,../../dataset/valid/N231200774.JPG,0.8888888888888888
01/11/2023 13:23:03,../../dataset/valid/N238000204.JPG,0.14285714285714285
01/11/2023 13:23:03,../../dataset/valid/N230301780.JPG,0.0
01/11/2023 13:23:03,../../dataset/valid/N230101710.JPG,0.125
01/11/2023 13:23:03,../../dataset/valid/N236100555.JPG,1.5
01/11/2023 13:23:03,../../dataset/valid/N237100668.JPG,0.4117647058823529
01/11/2023 13:23:03,../../dataset/valid/N231701448.JPG,1.9583333333333333
01/11/2023 13:23:03,../../dataset/valid/N239001031.JPG,0.0
01/11/2023 13:23:03,../../dataset/valid/N231701460.JPG,0.2857142857142857
