log_time,image,l_blue,l_green,l_red,l_has_red_eye,r_blue,r_green,r_red,r_has_red_eye
02/10/2023 21:57:50,../../dataset/valid/N239001014.JPG,84.53846153846153,118.72027972027973,186.034965034965,True,79.775,114.80833333333332,186.93333333333337,True
02/10/2023 21:57:50,../../dataset/valid/N230201570.JPG,89.00000000000001,118.37062937062939,191.09790209790205,True,147.85833333333332,173.95000000000002,234.9416666666667,True
02/10/2023 21:57:50,../../dataset/valid/N230101709.JPG,29.09090909090909,24.41958041958042,23.559440559440556,False,130.69166666666666,159.35833333333332,228.69999999999996,True
02/10/2023 21:57:50,../../dataset/valid/N230701220.JPG,144.44755244755245,154.6433566433566,199.07692307692307,True,144.80833333333334,164.73333333333335,220.27500000000006,True
02/10/2023 21:57:50,../../dataset/valid/N230301766.JPG,115.75524475524477,142.66433566433568,196.83916083916088,True,119.375,146.04999999999998,204.05833333333337,True
02/10/2023 21:57:50,../../dataset/valid/N230601354.JPG,130.90909090909088,145.83216783216784,199.99300699300693,True,138.40833333333333,156.35,217.76666666666668,True
02/10/2023 21:57:50,../../dataset/valid/N230601432.JPG,82.62937062937064,106.10489510489512,164.8881118881119,True,87.59999999999998,116.01666666666667,186.1833333333333,True
02/10/2023 21:57:50,../../dataset/valid/N230101669.JPG,125.75524475524475,138.37062937062936,176.3006993006993,True,161.38333333333333,173.43333333333337,213.5833333333333,True
02/10/2023 21:57:50,../../dataset/valid/N230101899.JPG,114.54545454545456,129.83916083916083,177.79020979020981,True,126.31666666666668,142.70000000000002,198.29999999999998,True
02/10/2023 21:57:50,../../dataset/valid/N230601368.JPG,115.65034965034965,124.93706293706295,166.41958041958043,True,137.9666666666667,163.75,219.04999999999998,True
02/10/2023 21:57:50,../../dataset/valid/N231601055.JPG,48.811188811188806,70.72027972027972,109.28671328671331,True,112.16666666666667,139.91666666666669,185.23333333333335,True
02/10/2023 21:57:50,../../dataset/valid/N230101696.JPG,124.09090909090908,129.0979020979021,193.13986013986016,True,146.21666666666667,151.21666666666667,214.21666666666667,True
02/10/2023 21:57:50,../../dataset/valid/N230601630.JPG,115.38461538461539,127.74825174825173,192.39860139860141,True,139.37500000000003,153.39166666666668,219.125,True
02/10/2023 21:57:50,../../dataset/valid/N230501688.JPG,184.23076923076923,177.35664335664336,225.72727272727272,True,165.59166666666667,169.75,228.2833333333334,True
02/10/2023 21:57:50,../../dataset/valid/N231701531.JPG,80.65034965034965,118.34265734265735,182.25874125874128,True,107.33333333333333,151.29999999999998,215.0,True
02/10/2023 21:57:50,../../dataset/valid/N239001148.JPG,111.46853146853147,130.30769230769232,173.8181818181818,True,105.73333333333333,129.92499999999998,185.975,True
02/10/2023 21:57:50,../../dataset/valid/N230201404.JPG,132.54545454545453,139.86713286713285,196.25174825174827,True,136.13333333333335,155.37500000000003,219.45833333333334,True
02/10/2023 21:57:50,../../dataset/valid/N230201439.JPG,149.76923076923077,164.55944055944053,213.89510489510488,True,174.85833333333332,188.51666666666665,245.63333333333335,True
02/10/2023 21:57:50,../../dataset/valid/N230201405.JPG,111.33566433566436,150.15384615384613,215.1118881118881,True,109.39166666666667,131.62499999999997,180.26666666666665,True
02/10/2023 21:57:50,../../dataset/valid/N231701524.JPG,129.2097902097902,142.71328671328672,191.1118881118881,True,134.65833333333333,150.65833333333333,203.6583333333333,True
02/10/2023 21:57:50,../../dataset/valid/N238100624.JPG,85.88811188811191,105.86013986013987,156.65734265734267,True,119.8916666666667,143.14166666666668,198.64166666666665,True
02/10/2023 21:57:50,../../dataset/valid/N230101683.JPG,101.96503496503497,126.44755244755244,183.53146853146856,True,122.89999999999999,154.00833333333335,210.32499999999996,True
02/10/2023 21:57:51,../../dataset/valid/N231501013.JPG,107.65734265734267,140.9020979020979,210.57342657342662,True,134.975,168.04166666666666,236.42499999999998,True
02/10/2023 21:57:51,../../dataset/valid/N231501007.JPG,66.78321678321679,89.9230769230769,154.2237762237762,True,91.33333333333333,118.51666666666667,190.01666666666668,True
02/10/2023 21:57:51,../../dataset/valid/N231701726.JPG,122.27272727272727,165.02797202797203,213.25174825174824,True,144.20000000000002,186.0666666666667,231.05833333333337,True
02/10/2023 21:57:51,../../dataset/valid/N230601427.JPG,121.11188811188813,135.59440559440557,179.94405594405592,True,107.45833333333333,134.04166666666669,201.04166666666666,True
02/10/2023 21:57:51,../../dataset/valid/N230501500.JPG,101.3986013986014,142.04895104895107,175.2937062937063,True,112.45833333333331,154.11666666666667,196.43333333333337,True
02/10/2023 21:57:51,../../dataset/valid/N230501528.JPG,99.35664335664339,121.13286713286712,169.4755244755245,True,120.8916666666667,147.25833333333335,207.25833333333333,True
02/10/2023 21:57:51,../../dataset/valid/N230301767.JPG,100.33566433566433,106.44755244755244,155.1958041958042,True,128.45000000000002,132.50000000000003,180.475,True
02/10/2023 21:57:51,../../dataset/valid/N231701652.JPG,156.60139860139859,179.10489510489512,234.49650349650352,True,151.28333333333333,179.20833333333334,240.23333333333335,True
02/10/2023 21:57:51,../../dataset/valid/N231401198.JPG,182.08391608391608,170.19580419580421,206.5244755244755,True,198.43333333333337,187.3416666666667,220.41666666666666,True
02/10/2023 21:57:51,../../dataset/valid/N230701209.JPG,99.6223776223776,95.87412587412587,114.37762237762239,True,112.10833333333335,122.14166666666667,168.84166666666667,True
02/10/2023 21:57:51,../../dataset/valid/N239001203.JPG,124.13286713286715,125.25874125874125,183.5594405594406,True,138.10833333333332,146.00833333333335,212.775,True
02/10/2023 21:57:51,../../dataset/valid/N230501716.JPG,115.4965034965035,129.05594405594408,167.06293706293704,True,133.35833333333332,147.71666666666667,186.39166666666665,True
02/10/2023 21:57:51,../../dataset/valid/N231600941.JPG,87.34965034965035,101.3986013986014,151.1888111888112,True,103.95,124.83333333333333,180.17499999999998,True
02/10/2023 21:57:51,../../dataset/valid/N231301102.JPG,24.370629370629374,25.664335664335663,30.216783216783217,True,25.349999999999994,24.633333333333336,23.21666666666667,False
02/10/2023 21:57:51,../../dataset/valid/N230201565.JPG,119.2027972027972,130.83216783216784,171.37762237762237,True,146.31666666666666,167.28333333333333,228.86666666666665,True
02/10/2023 21:57:51,../../dataset/valid/N231600982.JPG,88.06993006993008,129.66433566433568,187.93706293706296,True,111.05000000000001,161.87500000000003,225.32500000000002,True
02/10/2023 21:57:51,../../dataset/valid/N231600996.JPG,109.14685314685315,150.81818181818184,198.9440559440559,True,106.71666666666664,149.71666666666667,198.71666666666667,True
02/10/2023 21:57:51,../../dataset/valid/N231701444.JPG,137.70629370629374,162.78321678321677,198.8251748251748,True,132.79166666666666,162.90833333333333,205.85833333333332,True
02/10/2023 21:57:51,../../dataset/valid/N239001015.JPG,85.79020979020979,92.62237762237761,117.6153846153846,True,123.37500000000001,151.41666666666669,211.29166666666666,True
02/10/2023 21:57:51,../../dataset/valid/N239001017.JPG,130.7062937062937,170.93706293706293,247.98601398601397,True,123.39166666666667,167.44166666666666,250.31666666666663,True
02/10/2023 21:57:51,../../dataset/valid/N230201598.JPG,140.35664335664336,167.93006993006992,203.1258741258741,True,164.01666666666668,188.56666666666663,213.38333333333333,True
02/10/2023 21:57:51,../../dataset/valid/N237100672.JPG,97.3986013986014,115.42657342657341,201.60839160839166,True,171.9666666666667,174.4,226.06666666666663,True
02/10/2023 21:57:51,../../dataset/valid/N231200791.JPG,82.34965034965035,113.69230769230772,155.6083916083916,True,97.50833333333333,133.50833333333335,173.50833333333333,True
02/10/2023 21:57:51,../../dataset/valid/N230601545.JPG,100.30069930069932,99.986013986014,114.71328671328673,True,134.23333333333332,137.66666666666666,163.91666666666666,True
02/10/2023 21:57:51,../../dataset/valid/N231200975.JPG,77.15384615384616,94.43356643356643,149.34265734265733,True,114.00833333333334,130.74999999999997,180.49166666666665,True
02/10/2023 21:57:51,../../dataset/valid/N230501516.JPG,131.97902097902096,163.05594405594408,206.08391608391608,True,146.93333333333337,173.93333333333337,217.93333333333337,True
02/10/2023 21:57:51,../../dataset/valid/N231200801.JPG,92.58741258741257,110.5944055944056,158.47552447552445,True,95.40833333333335,121.02500000000002,180.975,True
02/10/2023 21:57:51,../../dataset/valid/N230601380.JPG,90.27972027972027,109.63636363636364,166.05594405594405,True,98.85833333333335,124.15833333333335,196.11666666666667,True
02/10/2023 21:57:52,../../dataset/valid/N231501011.JPG,84.51748251748253,106.01398601398604,155.6713286713287,True,128.15,156.075,217.1,True
02/10/2023 21:57:52,../../dataset/valid/N230301639.JPG,71.0,76.9020979020979,98.96503496503496,True,44.9,46.35,49.89166666666666,True
02/10/2023 21:57:52,../../dataset/valid/N231704338.JPG,73.32867132867133,99.6993006993007,146.006993006993,True,141.66666666666666,170.74166666666667,237.71666666666667,True
02/10/2023 21:57:52,../../dataset/valid/N230201407.JPG,134.40559440559443,137.4125874125874,191.90209790209792,True,143.1,157.725,226.3166666666667,True
02/10/2023 21:57:52,../../dataset/valid/N230201604.JPG,140.7342657342657,162.2797202797203,212.23776223776215,True,131.89166666666668,160.98333333333335,218.48333333333335,True
02/10/2023 21:57:52,../../dataset/valid/N238100592.JPG,138.17482517482517,144.87412587412584,183.7272727272727,True,146.82500000000002,162.9,209.85833333333332,True
02/10/2023 21:57:52,../../dataset/valid/N230601587.JPG,32.39160839160839,27.069930069930074,29.083916083916076,False,44.03333333333333,37.61666666666667,48.76666666666667,True
02/10/2023 21:57:52,../../dataset/valid/N230301770.JPG,101.27272727272727,120.04195804195804,175.33566433566435,True,102.03333333333335,126.07499999999999,187.92499999999998,True
02/10/2023 21:57:52,../../dataset/valid/N239001214.JPG,64.1048951048951,90.34965034965035,163.79020979020976,True,76.93333333333334,106.32499999999999,177.83333333333337,True
02/10/2023 21:57:52,../../dataset/valid/N238100551.JPG,70.25174825174825,120.0839160839161,196.04195804195803,True,88.0,144.0,225.99999999999997,True
02/10/2023 21:57:52,../../dataset/valid/N239001016.JPG,122.94405594405595,145.58041958041957,192.5734265734266,True,137.50833333333333,154.50833333333333,206.11666666666667,True
02/10/2023 21:57:52,../../dataset/valid/N231701443.JPG,109.62237762237766,154.83216783216784,209.54545454545453,True,141.61666666666665,183.17499999999998,247.15,True
02/10/2023 21:57:52,../../dataset/valid/N239001012.JPG,138.2027972027972,155.53846153846155,211.63636363636365,True,126.74166666666666,153.18333333333334,215.6833333333333,True
02/10/2023 21:57:52,../../dataset/valid/N231707783.JPG,117.28671328671327,128.58041958041957,166.55244755244757,True,130.34166666666667,147.56666666666666,193.15833333333333,True
02/10/2023 21:57:52,../../dataset/valid/N231301105.JPG,105.37062937062936,138.5734265734266,194.61538461538458,True,115.86666666666667,147.825,210.60000000000002,True
02/10/2023 21:57:52,../../dataset/valid/N237100677.JPG,134.83916083916085,158.06993006993008,214.56643356643357,True,154.06666666666666,184.13333333333333,251.5916666666667,True
02/10/2023 21:57:52,../../dataset/valid/N230601568.JPG,55.426573426573434,74.38461538461539,112.89510489510488,True,45.175000000000004,64.78333333333335,119.44166666666668,True
02/10/2023 21:57:52,../../dataset/valid/N238100555.JPG,108.55944055944057,134.41958041958043,194.53146853146853,True,137.475,159.61666666666667,207.10833333333335,True
02/10/2023 21:57:52,../../dataset/valid/N230501513.JPG,114.88111888111888,125.76223776223775,180.3986013986014,True,137.93333333333337,152.83333333333331,212.86666666666667,True
02/10/2023 21:57:52,../../dataset/valid/N230301748.JPG,115.32867132867133,136.0979020979021,188.27272727272728,True,136.99166666666667,157.90833333333333,212.90833333333333,True
02/10/2023 21:57:52,../../dataset/valid/N237000313.JPG,127.65034965034965,144.5034965034965,196.1048951048951,True,142.88333333333335,163.23333333333335,223.18333333333337,True
02/10/2023 21:57:52,../../dataset/valid/N230601583.JPG,108.5874125874126,137.43356643356645,204.53846153846158,True,122.84166666666668,155.84166666666667,228.81666666666663,True
02/10/2023 21:57:52,../../dataset/valid/N230501473.JPG,47.16083916083916,59.04195804195804,86.62937062937065,True,53.31666666666666,69.86666666666666,100.32499999999999,True
02/10/2023 21:57:52,../../dataset/valid/N230601385.JPG,94.45454545454547,133.76923076923077,201.39860139860141,True,119.18333333333334,154.68333333333334,221.64166666666668,True
02/10/2023 21:57:52,../../dataset/valid/N231100857.JPG,86.73426573426573,106.88111888111887,174.53146853146853,True,124.89999999999998,143.25833333333335,219.04999999999998,True
02/10/2023 21:57:52,../../dataset/valid/N237000273.JPG,112.81118881118883,133.62237762237763,188.53846153846155,True,123.72499999999998,147.3083333333333,201.04166666666666,True
02/10/2023 21:57:53,../../dataset/valid/N238000179.JPG,92.13986013986013,116.64335664335664,164.57342657342662,True,92.13333333333333,118.89999999999999,169.01666666666668,True
02/10/2023 21:57:53,../../dataset/valid/N231301059.JPG,63.51048951048952,72.3916083916084,137.13986013986013,True,51.349999999999994,68.23333333333333,149.45000000000002,True
02/10/2023 21:57:53,../../dataset/valid/N231301058.JPG,106.46153846153844,131.7062937062937,185.55244755244757,True,126.74166666666666,172.54166666666663,252.2916666666667,True
02/10/2023 21:57:53,../../dataset/valid/N239001198.JPG,47.95104895104895,39.32167832167832,43.74825174825175,False,122.00833333333334,127.35000000000002,169.85833333333332,True
02/10/2023 21:57:53,../../dataset/valid/N236000371.JPG,149.32867132867133,170.1258741258741,207.56643356643357,True,135.425,163.275,207.10833333333335,True
02/10/2023 21:57:53,../../dataset/valid/N230601390.JPG,134.36363636363635,164.7342657342657,231.09090909090912,True,158.9166666666667,191.50000000000003,251.38333333333333,True
02/10/2023 21:57:53,../../dataset/valid/N231501029.JPG,82.57342657342657,100.45454545454544,144.8741258741259,True,112.24166666666667,136.40833333333333,192.4083333333333,True
02/10/2023 21:57:53,../../dataset/valid/N230101691.JPG,146.0979020979021,152.8181818181818,203.4685314685315,True,138.04166666666666,150.425,201.99999999999997,True
02/10/2023 21:57:53,../../dataset/valid/N230601353.JPG,126.23076923076921,140.60839160839166,193.85314685314688,True,138.275,154.10833333333332,211.22500000000002,True
02/10/2023 21:57:53,../../dataset/valid/N230301826.JPG,102.4965034965035,128.04895104895104,191.06293706293704,True,138.91666666666666,163.95833333333331,231.31666666666663,True
02/10/2023 21:57:53,../../dataset/valid/N231601052.JPG,110.74825174825173,133.4405594405594,167.74825174825173,True,120.48333333333335,144.60833333333335,177.375,True
02/10/2023 21:57:53,../../dataset/valid/N231703080.JPG,81.86713286713288,115.64335664335664,184.64335664335664,True,111.85000000000002,139.41666666666666,203.27499999999998,True
02/10/2023 21:57:53,../../dataset/valid/N238100554.JPG,107.90209790209792,132.02797202797203,217.62237762237766,True,113.29166666666667,140.95833333333334,229.19166666666663,True
02/10/2023 21:57:53,../../dataset/valid/N230701233.JPG,94.13986013986015,129.2097902097902,193.1748251748252,True,95.30000000000001,128.58333333333334,203.76666666666668,True
02/10/2023 21:57:53,../../dataset/valid/N231300959.JPG,141.34965034965037,136.47552447552448,183.58741258741262,True,151.975,145.79166666666666,202.36666666666667,True
02/10/2023 21:57:53,../../dataset/valid/N230101726.JPG,92.20979020979021,109.82517482517481,182.19580419580416,True,111.51666666666667,129.48333333333335,209.22500000000002,True
02/10/2023 21:57:53,../../dataset/valid/N231701495.JPG,130.65734265734264,138.5944055944056,193.66433566433565,True,147.08333333333334,159.6,214.89166666666668,True
02/10/2023 21:57:53,../../dataset/valid/N230102011.JPG,110.75524475524475,150.04895104895104,236.2797202797203,True,124.6416666666667,159.1916666666667,250.89166666666668,True
02/10/2023 21:57:53,../../dataset/valid/N231600984.JPG,105.0769230769231,128.67132867132867,209.5174825174825,True,130.225,153.88333333333335,231.475,True
02/10/2023 21:57:53,../../dataset/valid/N230102007.JPG,134.88111888111888,133.47552447552448,180.24475524475523,True,162.69166666666666,163.15,224.85,True
02/10/2023 21:57:53,../../dataset/valid/N230201561.JPG,93.93706293706292,106.17482517482517,145.6153846153846,True,135.13333333333335,147.01666666666668,186.9,True
02/10/2023 21:57:53,../../dataset/valid/N239001213.JPG,146.73426573426576,159.16083916083915,204.5314685314685,True,164.44166666666666,176.05000000000004,217.66666666666666,True
02/10/2023 21:57:53,../../dataset/valid/N231601044.JPG,73.4895104895105,102.20979020979021,162.72727272727272,True,114.54166666666664,141.61666666666665,197.275,True
02/10/2023 21:57:53,../../dataset/valid/N230101888.JPG,153.91608391608392,143.2097902097902,184.3706293706294,True,121.52500000000002,114.53333333333335,157.51666666666668,True
02/10/2023 21:57:53,../../dataset/valid/N230601437.JPG,110.55244755244755,157.1748251748252,232.4545454545455,True,108.375,166.425,237.45833333333334,True
02/10/2023 21:57:53,../../dataset/valid/N230701437.JPG,79.11888111888112,118.64335664335661,186.3986013986014,True,96.05000000000001,145.88333333333333,227.96666666666667,True
02/10/2023 21:57:53,../../dataset/valid/N230601609.JPG,138.55944055944056,152.7832167832168,207.37762237762237,True,132.07500000000002,161.14166666666668,226.13333333333333,True
02/10/2023 21:57:53,../../dataset/valid/N239001165.JPG,96.53146853146852,99.38461538461539,130.3706293706294,True,123.04999999999997,138.31666666666666,186.35,True
02/10/2023 21:57:53,../../dataset/valid/N230601621.JPG,96.96503496503497,119.006993006993,177.17482517482514,True,103.24166666666666,135.90833333333333,196.04166666666663,True
02/10/2023 21:57:54,../../dataset/valid/N230501666.JPG,81.76923076923077,96.79020979020979,141.16083916083917,True,153.89166666666668,166.40833333333333,213.37500000000003,True
02/10/2023 21:57:54,../../dataset/valid/N230201428.JPG,86.65734265734264,87.01398601398601,114.86013986013985,True,71.63333333333333,66.06666666666666,69.39166666666667,False
02/10/2023 21:57:54,../../dataset/valid/N239001170.JPG,95.53146853146852,105.74825174825175,142.5034965034965,True,136.65,153.99999999999997,209.4333333333333,True
02/10/2023 21:57:54,../../dataset/valid/N230601608.JPG,114.43356643356644,157.07692307692307,230.98601398601397,True,121.60833333333333,174.99166666666667,251.3833333333333,True
02/10/2023 21:57:54,../../dataset/valid/N230701387.JPG,102.03496503496505,129.0,187.62237762237766,True,83.50833333333334,116.44166666666666,181.125,True
02/10/2023 21:57:54,../../dataset/valid/N230601393.JPG,101.3216783216783,115.54545454545456,172.83216783216784,True,124.7333333333333,137.99166666666665,195.3333333333333,True
02/10/2023 21:57:54,../../dataset/valid/N231601086.JPG,82.35664335664336,85.85314685314685,101.11188811188812,True,142.48333333333335,161.475,205.65833333333333,True
02/10/2023 21:57:54,../../dataset/valid/N231100869.JPG,120.11888111888112,130.2797202797203,205.20979020979024,True,145.1,154.225,222.80833333333337,True
02/10/2023 21:57:54,../../dataset/valid/N231100882.JPG,80.7062937062937,95.74825174825175,151.39860139860141,True,118.58333333333333,138.58333333333334,192.275,True
02/10/2023 21:57:54,../../dataset/valid/N230601436.JPG,34.349650349650354,38.92307692307693,57.67832167832167,True,80.89999999999999,97.41666666666667,142.64999999999998,True
02/10/2023 21:57:54,../../dataset/valid/N231100896.JPG,37.25174825174825,58.37762237762239,107.08391608391608,True,43.833333333333336,70.10000000000001,128.25,True
02/10/2023 21:57:54,../../dataset/valid/N231601079.JPG,30.986013986013987,36.54545454545455,46.46153846153845,True,52.883333333333326,81.98333333333333,121.675,True
02/10/2023 21:57:54,../../dataset/valid/N231401176.JPG,118.2027972027972,130.86713286713288,190.66433566433565,True,122.04166666666667,139.69166666666666,207.82500000000002,True
02/10/2023 21:57:54,../../dataset/valid/N237000311.JPG,100.01398601398601,113.0,168.47552447552445,True,88.75833333333333,101.81666666666668,163.64166666666668,True
02/10/2023 21:57:54,../../dataset/valid/N230301762.JPG,49.25174825174824,51.7902097902098,83.16083916083916,True,94.20833333333333,94.19999999999999,140.14999999999998,True
02/10/2023 21:57:54,../../dataset/valid/N230501511.JPG,84.9090909090909,112.20279720279721,170.13986013986016,True,134.9,159.00833333333335,219.95000000000002,True
02/10/2023 21:57:54,../../dataset/valid/N230101719.JPG,46.04895104895105,58.41258741258741,88.05594405594405,True,91.41666666666667,133.38333333333333,184.7166666666666,True
02/10/2023 21:57:54,../../dataset/valid/N239001206.JPG,128.27972027972027,122.38461538461539,155.44755244755245,True,160.83333333333334,154.73333333333335,185.26666666666665,True
02/10/2023 21:57:54,../../dataset/valid/N230601542.JPG,96.65734265734267,129.44755244755245,183.4405594405594,True,132.975,158.74166666666667,206.29999999999998,True
02/10/2023 21:57:54,../../dataset/valid/N231200966.JPG,23.07692307692308,31.72727272727273,43.65734265734265,True,83.55833333333334,134.20000000000002,200.1166666666667,True
02/10/2023 21:57:54,../../dataset/valid/N230102012.JPG,88.16783216783216,128.46153846153848,205.76923076923075,True,118.73333333333333,155.91666666666666,233.97500000000002,True
02/10/2023 21:57:54,../../dataset/valid/N231100985.JPG,37.412587412587406,46.95804195804196,68.58741258741259,True,95.25,129.55833333333334,183.80000000000004,True
02/10/2023 21:57:54,../../dataset/valid/N230701243.JPG,27.0,29.132867132867133,30.839160839160847,True,71.98333333333333,94.50833333333333,135.79166666666666,True
02/10/2023 21:57:54,../../dataset/valid/N231200901.JPG,154.7972027972028,173.37062937062936,215.53846153846155,True,166.475,185.49166666666667,228.59166666666667,True
02/10/2023 21:57:54,../../dataset/valid/N231300915.JPG,141.14685314685312,160.60839160839163,214.00699300699296,True,143.71666666666667,158.41666666666666,217.79166666666666,True
02/10/2023 21:57:54,../../dataset/valid/N231300901.JPG,22.328671328671327,22.790209790209794,27.468531468531467,True,40.916666666666664,40.525,43.00833333333333,True
02/10/2023 21:57:54,../../dataset/valid/N230701280.JPG,130.9160839160839,145.32867132867133,174.5034965034965,True,136.3,153.62500000000003,193.0583333333333,True
02/10/2023 21:57:54,../../dataset/valid/N230101959.JPG,95.0909090909091,116.12587412587413,196.03496503496504,True,93.94166666666668,123.35833333333333,219.10833333333335,True
02/10/2023 21:57:54,../../dataset/valid/N230601445.JPG,104.05594405594404,110.84615384615384,162.83916083916085,True,148.225,157.05833333333334,204.97500000000002,True
02/10/2023 21:57:54,../../dataset/valid/N230501370.JPG,97.80419580419583,128.30769230769232,196.87412587412584,True,146.39166666666665,175.25833333333333,244.25,True
02/10/2023 21:57:55,../../dataset/valid/N230301659.JPG,65.42657342657343,86.89510489510491,142.13986013986016,True,115.46666666666665,147.86666666666667,210.0583333333333,True
02/10/2023 21:57:55,../../dataset/valid/N230501402.JPG,68.3146853146853,62.74125874125874,70.32867132867133,True,63.23333333333333,54.458333333333336,56.775000000000006,False
02/10/2023 21:57:55,../../dataset/valid/N238100646.JPG,104.4965034965035,124.86713286713288,171.83216783216784,True,100.01666666666667,128.01666666666665,188.4333333333333,True
02/10/2023 21:57:55,../../dataset/valid/N236100467.JPG,116.18881118881119,131.06993006993008,178.8881118881119,True,170.15,164.67499999999998,209.74166666666665,True
02/10/2023 21:57:55,../../dataset/valid/N236000315.JPG,100.39160839160837,129.5104895104895,199.993006993007,True,150.91666666666666,177.1666666666667,239.99166666666667,True
02/10/2023 21:57:55,../../dataset/valid/N236000328.JPG,93.66433566433567,107.11188811188812,139.93706293706293,True,102.18333333333334,116.53333333333332,152.06666666666663,True
02/10/2023 21:57:55,../../dataset/valid/N236100499.JPG,167.3146853146853,199.43356643356645,249.05594405594405,True,150.775,190.5916666666667,249.28333333333333,True
02/10/2023 21:57:55,../../dataset/valid/N230501403.JPG,115.65034965034964,128.6783216783217,185.21678321678323,True,160.475,169.60833333333332,219.75833333333335,True
02/10/2023 21:57:55,../../dataset/valid/N230201658.JPG,115.56643356643355,136.44055944055947,205.02797202797203,True,144.78333333333333,169.125,241.125,True
02/10/2023 21:57:55,../../dataset/valid/N230201664.JPG,149.8181818181818,185.91608391608392,243.81118881118877,True,129.60833333333332,171.54166666666663,244.57499999999993,True
02/10/2023 21:57:55,../../dataset/valid/N231501064.JPG,86.0769230769231,97.60139860139861,160.34965034965037,True,67.86666666666666,86.11666666666667,164.70000000000002,True
02/10/2023 21:57:55,../../dataset/valid/N231300860.JPG,102.27272727272727,125.53146853146856,176.09790209790208,True,145.46666666666667,175.23333333333335,238.69999999999996,True
02/10/2023 21:57:55,../../dataset/valid/N230101780.JPG,106.23776223776223,125.59440559440556,182.25174825174824,True,129.58333333333334,152.56666666666666,206.88333333333333,True
02/10/2023 21:57:55,../../dataset/valid/N230101743.JPG,132.18181818181822,155.32167832167832,211.24475524475523,True,144.0583333333333,167.73333333333335,233.39166666666665,True
02/10/2023 21:57:55,../../dataset/valid/N231200914.JPG,99.37062937062939,109.34265734265735,160.6853146853147,True,129.25,138.49166666666667,185.46666666666667,True
02/10/2023 21:57:55,../../dataset/valid/N230101757.JPG,112.79720279720277,113.51748251748252,175.75524475524475,True,115.75833333333333,127.12499999999999,191.65833333333333,True
02/10/2023 21:57:55,../../dataset/valid/N231600922.JPG,117.04195804195803,139.84615384615384,192.3006993006993,True,94.58333333333333,129.66666666666669,200.82499999999996,True
02/10/2023 21:57:55,../../dataset/valid/N236100506.JPG,100.00699300699301,100.34965034965035,142.5734265734266,True,126.67500000000001,131.26666666666668,172.25833333333333,True
02/10/2023 21:57:55,../../dataset/valid/N231701433.JPG,98.62937062937061,123.86713286713287,194.24475524475523,True,113.98333333333335,145.98333333333335,216.98333333333332,True
02/10/2023 21:57:55,../../dataset/valid/N231500959.JPG,85.44055944055944,95.42657342657344,143.27272727272728,True,106.09166666666668,120.12500000000001,168.70000000000002,True
02/10/2023 21:57:55,../../dataset/valid/N239001060.JPG,109.83216783216783,116.34965034965035,171.36363636363643,True,146.73333333333332,153.65,209.9666666666667,True
02/10/2023 21:57:55,../../dataset/valid/N236100538.JPG,117.020979020979,132.5944055944056,161.90909090909088,True,148.3,169.81666666666666,205.93333333333337,True
02/10/2023 21:57:55,../../dataset/valid/N230601526.JPG,118.48251748251747,140.1188811188811,192.67832167832168,True,129.78333333333333,152.78333333333333,208.78333333333333,True
02/10/2023 21:57:55,../../dataset/valid/N230301921.JPG,17.83916083916084,13.174825174825177,12.223776223776225,False,19.76666666666667,17.808333333333334,20.558333333333334,True
02/10/2023 21:57:55,../../dataset/valid/N231701627.JPG,95.10489510489512,134.0839160839161,200.33566433566435,True,118.83333333333333,152.83333333333334,228.83333333333337,True
02/10/2023 21:57:55,../../dataset/valid/N230701283.JPG,82.4055944055944,109.22377622377623,173.25174825174824,True,107.05000000000001,135.24166666666665,202.22500000000002,True
02/10/2023 21:57:55,../../dataset/valid/N230101972.JPG,93.7132867132867,108.4895104895105,145.93706293706296,True,124.34166666666668,146.925,200.61666666666667,True
02/10/2023 21:57:55,../../dataset/valid/N231501112.JPG,119.92307692307692,111.27272727272727,177.03496503496504,True,157.90833333333336,150.76666666666668,223.54166666666666,True
02/10/2023 21:57:55,../../dataset/valid/N231100979.JPG,99.43356643356645,126.10489510489514,179.8111888111888,True,97.72500000000001,137.30833333333337,203.70833333333334,True
02/10/2023 21:57:56,../../dataset/valid/N230701334.JPG,94.91608391608392,107.2167832167832,164.51048951048955,True,88.22500000000001,107.22499999999998,175.20833333333334,True
02/10/2023 21:57:56,../../dataset/valid/N230301869.JPG,121.28671328671327,142.36363636363637,205.29370629370626,True,156.58333333333334,175.9166666666667,245.6666666666667,True
02/10/2023 21:57:56,../../dataset/valid/N231200862.JPG,93.81118881118881,99.55944055944056,157.93706293706293,True,112.10833333333335,122.35833333333335,188.96666666666667,True
02/10/2023 21:57:56,../../dataset/valid/N231300862.JPG,48.874125874125866,62.657342657342646,102.53146853146852,True,87.85833333333333,118.36666666666667,181.82500000000002,True
02/10/2023 21:57:56,../../dataset/valid/N230201672.JPG,67.74125874125875,79.54545454545453,132.96503496503496,True,25.974999999999998,26.09166666666667,35.883333333333326,True
02/10/2023 21:57:56,../../dataset/valid/N230501429.JPG,148.34965034965032,165.006993006993,215.86013986013984,True,102.08333333333333,142.925,213.14166666666668,True
02/10/2023 21:57:56,../../dataset/valid/N231501066.JPG,88.85314685314685,125.76923076923079,175.6713286713287,True,114.81666666666666,164.67499999999998,228.0,True
02/10/2023 21:57:56,../../dataset/valid/N230601491.JPG,68.6083916083916,81.7202797202797,118.13286713286715,True,139.03333333333333,157.99166666666667,198.25,True
02/10/2023 21:57:56,../../dataset/valid/N238100651.JPG,72.51748251748252,107.13286713286713,178.03496503496504,True,153.44999999999996,177.75833333333333,229.14166666666665,True
02/10/2023 21:57:56,../../dataset/valid/N239001100.JPG,100.72027972027975,146.96503496503496,241.46853146853144,True,122.05833333333334,171.71666666666667,250.95000000000002,True
02/10/2023 21:57:56,../../dataset/valid/N231701551.JPG,55.22377622377621,56.39160839160839,77.6083916083916,True,81.69166666666666,109.08333333333333,176.79999999999998,True
02/10/2023 21:57:56,../../dataset/valid/N231401264.JPG,146.68531468531467,161.6293706293706,177.07692307692304,True,126.26666666666667,164.26666666666665,199.28333333333333,True
02/10/2023 21:57:56,../../dataset/valid/N230601693.JPG,114.14685314685315,128.06993006993005,178.6293706293706,True,132.82500000000002,144.4,195.04166666666666,True
02/10/2023 21:57:56,../../dataset/valid/N230201464.JPG,97.18181818181817,135.26573426573427,188.62237762237763,True,126.01666666666667,167.25833333333335,218.18333333333328,True
02/10/2023 21:57:56,../../dataset/valid/N231301002.JPG,114.32867132867135,148.83216783216784,217.74825174825173,True,116.93333333333335,161.98333333333332,230.1333333333333,True
02/10/2023 21:57:56,../../dataset/valid/N230201459.JPG,128.64335664335664,152.72727272727272,217.76223776223773,True,145.53333333333333,171.61666666666665,241.875,True
02/10/2023 21:57:56,../../dataset/valid/N231301016.JPG,100.46853146853147,113.78321678321677,171.55244755244757,True,145.28333333333333,172.24166666666667,239.1333333333334,True
02/10/2023 21:57:56,../../dataset/valid/N238100650.JPG,115.013986013986,146.69230769230768,194.90909090909088,True,103.64166666666667,129.45,181.50833333333335,True
02/10/2023 21:57:56,../../dataset/valid/N230501400.JPG,48.88111888111889,63.90209790209789,117.13286713286715,True,47.25833333333333,77.45833333333333,166.8,True
02/10/2023 21:57:56,../../dataset/valid/N230601490.JPG,117.81118881118883,124.42657342657344,167.95804195804197,True,182.73333333333335,191.0333333333334,237.39166666666665,True
02/10/2023 21:57:56,../../dataset/valid/N231501073.JPG,73.04195804195805,97.42657342657344,156.5034965034965,True,107.47500000000001,131.475,191.475,True
02/10/2023 21:57:56,../../dataset/valid/N230701309.JPG,81.7972027972028,103.88811188811187,165.34965034965035,True,118.575,145.725,215.00833333333333,True
02/10/2023 21:57:56,../../dataset/valid/N230601447.JPG,161.58041958041957,182.72727272727272,243.8811188811189,True,147.1,170.69166666666663,241.30833333333337,True
02/10/2023 21:57:56,../../dataset/valid/N230701282.JPG,111.56643356643356,133.2097902097902,187.4195804195804,True,103.825,128.31666666666666,188.95833333333334,True
02/10/2023 21:57:56,../../dataset/valid/N230701255.JPG,119.32867132867135,158.11888111888112,228.04895104895104,True,94.48333333333333,128.98333333333332,204.82499999999996,True
02/10/2023 21:57:56,../../dataset/valid/N237100638.JPG,82.19580419580419,87.96503496503497,125.19580419580419,True,102.49166666666667,117.84999999999998,170.9333333333333,True
02/10/2023 21:57:56,../../dataset/valid/N237100610.JPG,132.92307692307693,164.34965034965037,229.54545454545453,True,144.23333333333332,179.00833333333333,252.88333333333333,True
02/10/2023 21:57:56,../../dataset/valid/N230601725.JPG,55.13286713286713,111.46153846153847,169.18181818181816,True,101.58333333333331,173.58333333333337,245.41666666666666,True
02/10/2023 21:57:56,../../dataset/valid/N230601735.JPG,83.41958041958043,105.66433566433567,157.24475524475525,True,64.40833333333333,73.3,108.92500000000001,True
02/10/2023 21:57:56,../../dataset/valid/N230201529.JPG,100.6923076923077,111.0909090909091,162.63636363636365,True,139.11666666666667,153.20833333333334,204.93333333333337,True
02/10/2023 21:57:56,../../dataset/valid/N231600919.JPG,46.30769230769231,44.23776223776225,45.93706293706294,False,36.10833333333333,32.449999999999996,32.291666666666664,False
02/10/2023 21:57:57,../../dataset/valid/N231200913.JPG,94.84615384615384,122.44055944055944,180.4965034965035,True,108.14166666666665,153.125,221.025,True
02/10/2023 21:57:57,../../dataset/valid/N230101750.JPG,105.6713286713287,142.2937062937063,184.53846153846155,True,133.37499999999997,168.45833333333331,218.4583333333333,True
02/10/2023 21:57:57,../../dataset/valid/N230101778.JPG,124.03496503496505,143.04195804195803,186.65734265734267,True,138.80833333333334,159.90833333333333,210.85833333333335,True
02/10/2023 21:57:57,../../dataset/valid/N231100997.JPG,133.36363636363637,150.13286713286715,224.006993006993,True,146.18333333333334,163.58333333333334,236.0833333333333,True
02/10/2023 21:57:57,../../dataset/valid/N230101793.JPG,61.86013986013987,91.34965034965036,157.5734265734266,True,76.93333333333334,107.93333333333334,170.9333333333333,True
02/10/2023 21:57:57,../../dataset/valid/N230701292.JPG,89.9160839160839,120.3986013986014,157.93706293706293,True,100.45833333333333,130.36666666666667,167.10833333333332,True
02/10/2023 21:57:57,../../dataset/valid/N230101977.JPG,120.25174825174827,128.4405594405594,171.6993006993007,True,115.30833333333334,117.98333333333333,159.25833333333333,True
02/10/2023 21:57:57,../../dataset/valid/N230501558.JPG,93.33566433566433,121.87412587412588,162.62237762237763,True,118.17500000000001,147.175,191.17499999999998,True
02/10/2023 21:57:57,../../dataset/valid/N231300867.JPG,100.60139860139861,118.36363636363636,175.4265734265734,True,133.78333333333333,161.62499999999997,228.49166666666665,True
02/10/2023 21:57:57,../../dataset/valid/N230701457.JPG,105.63636363636364,135.1608391608392,201.85314685314688,True,132.3083333333333,162.08333333333331,228.42499999999998,True
02/10/2023 21:57:57,../../dataset/valid/N230601457.JPG,99.44055944055944,116.22377622377621,163.69230769230768,True,99.78333333333332,117.39166666666667,171.71666666666667,True
02/10/2023 21:57:57,../../dataset/valid/N230701443.JPG,124.38461538461539,146.45454545454547,200.8181818181818,True,150.50833333333335,171.50833333333333,227.14166666666674,True
02/10/2023 21:57:57,../../dataset/valid/N230501410.JPG,94.59440559440561,117.27972027972031,184.11188811188808,True,100.35833333333333,128.58333333333331,201.40833333333333,True
02/10/2023 21:57:57,../../dataset/valid/N231501063.JPG,66.006993006993,88.45454545454544,147.34265734265733,True,97.625,116.50833333333333,177.625,True
02/10/2023 21:57:57,../../dataset/valid/N238100654.JPG,97.98601398601399,109.25174825174828,146.6853146853147,True,117.25833333333333,140.325,200.70833333333337,True
02/10/2023 21:57:57,../../dataset/valid/N236100475.JPG,158.66433566433565,160.97202797202797,213.60139860139859,True,148.31666666666666,153.725,210.41666666666663,True
02/10/2023 21:57:57,../../dataset/valid/N231301006.JPG,70.16783216783217,67.73426573426573,71.58041958041957,True,108.83333333333333,125.86666666666666,170.56666666666663,True
02/10/2023 21:57:57,../../dataset/valid/N231301007.JPG,84.13286713286713,126.53146853146853,182.55944055944053,True,96.0,142.46666666666667,201.71666666666667,True
02/10/2023 21:57:57,../../dataset/valid/N230201448.JPG,102.61538461538461,139.74125874125875,203.84615384615384,True,118.40833333333335,158.1333333333333,233.5666666666667,True
02/10/2023 21:57:57,../../dataset/valid/N238100655.JPG,75.93706293706295,106.71328671328669,189.36363636363632,True,104.15833333333335,146.0,216.1,True
02/10/2023 21:57:57,../../dataset/valid/N231501076.JPG,68.02097902097901,89.49650349650352,140.1608391608392,True,122.38333333333333,144.24999999999997,202.99166666666667,True
02/10/2023 21:57:57,../../dataset/valid/N230301851.JPG,110.48951048951048,121.20279720279721,188.09090909090907,True,111.075,132.85833333333338,213.63333333333333,True
02/10/2023 21:57:57,../../dataset/valid/N231705525.JPG,115.6083916083916,157.2027972027972,231.69930069930066,True,139.30833333333334,178.41666666666666,251.35000000000002,True
02/10/2023 21:57:57,../../dataset/valid/N237100588.JPG,92.25874125874127,123.90209790209792,189.51048951048955,True,135.7,172.35,241.51666666666665,True
02/10/2023 21:57:57,../../dataset/valid/N230701293.JPG,75.13286713286712,100.95104895104893,155.986013986014,True,95.33333333333333,130.71666666666667,202.46666666666667,True
02/10/2023 21:57:57,../../dataset/valid/N231501102.JPG,104.50349650349648,106.85314685314685,145.6433566433566,True,125.36666666666667,125.54166666666667,167.11666666666667,True
02/10/2023 21:57:57,../../dataset/valid/N230701287.JPG,128.5244755244755,115.81118881118881,153.65034965034965,True,143.35833333333332,135.29166666666666,185.25,True
02/10/2023 21:57:57,../../dataset/valid/N231100969.JPG,97.90209790209789,117.62237762237763,179.43356643356645,True,112.2,136.11666666666665,208.11666666666667,True
02/10/2023 21:57:57,../../dataset/valid/N230701250.JPG,118.95104895104895,158.64335664335664,225.30769230769235,True,105.39999999999999,145.91666666666666,211.88333333333335,True
02/10/2023 21:57:58,../../dataset/valid/N236100500.JPG,42.37762237762237,48.75524475524476,81.72727272727273,True,49.00833333333333,60.416666666666664,101.77499999999999,True
02/10/2023 21:57:58,../../dataset/valid/N230201528.JPG,97.62937062937064,117.81818181818183,188.68531468531467,True,132.9416666666667,154.69166666666666,216.63333333333333,True
02/10/2023 21:57:58,../../dataset/valid/N230601720.JPG,135.05594405594405,171.5034965034965,210.6433566433566,True,161.69166666666666,186.75,217.82500000000002,True
02/10/2023 21:57:58,../../dataset/valid/N230601734.JPG,134.8811188811189,139.24475524475523,172.58741258741262,True,144.92499999999998,155.725,200.35833333333332,True
02/10/2023 21:57:58,../../dataset/valid/N239001064.JPG,85.54545454545453,94.41258741258743,111.95104895104896,True,82.90000000000002,86.0,84.69166666666668,True
02/10/2023 21:57:58,../../dataset/valid/N236100502.JPG,115.67132867132867,110.36363636363636,148.7832167832168,True,137.68333333333337,144.68333333333337,200.51666666666668,True
02/10/2023 21:57:58,../../dataset/valid/N236100516.JPG,91.62937062937064,122.75524475524475,155.83216783216784,True,104.175,140.175,176.17500000000004,True
02/10/2023 21:57:58,../../dataset/valid/N231701621.JPG,75.5804195804196,88.72727272727273,117.97202797202796,True,116.69999999999999,146.69166666666666,201.31666666666663,True
02/10/2023 21:57:58,../../dataset/valid/N231701635.JPG,79.97902097902099,113.41958041958043,170.4405594405594,True,109.73333333333333,154.59166666666667,232.35000000000002,True
02/10/2023 21:57:58,../../dataset/valid/N230101747.JPG,111.76923076923077,129.4965034965035,186.11888111888115,True,122.65833333333335,140.54166666666666,198.60833333333332,True
02/10/2023 21:57:58,../../dataset/valid/N230301933.JPG,87.34965034965033,126.17482517482517,184.45454545454547,True,109.90833333333332,143.40833333333333,203.53333333333333,True
02/10/2023 21:57:58,../../dataset/valid/N230701246.JPG,127.70629370629374,147.3426573426573,202.3986013986014,True,163.89166666666668,182.49999999999997,230.51666666666662,True
02/10/2023 21:57:58,../../dataset/valid/N230601534.JPG,152.54545454545453,164.23776223776224,212.53846153846158,True,146.175,163.24166666666665,220.34166666666667,True
02/10/2023 21:57:58,../../dataset/valid/N230301700.JPG,97.33566433566433,121.89510489510491,182.54545454545453,True,140.59166666666667,162.65833333333333,222.17499999999998,True
02/10/2023 21:57:58,../../dataset/valid/N230701291.JPG,109.09790209790208,119.46853146853148,177.1888111888112,True,131.44166666666666,145.39999999999998,196.275,True
02/10/2023 21:57:58,../../dataset/valid/N230701285.JPG,86.76923076923077,111.0,147.46153846153848,True,127.70833333333333,165.76666666666668,222.42499999999998,True
02/10/2023 21:57:58,../../dataset/valid/N231100957.JPG,123.5874125874126,140.4965034965035,182.58041958041957,True,154.51666666666668,176.39166666666665,220.89166666666668,True
02/10/2023 21:57:58,../../dataset/valid/N231300864.JPG,90.22377622377623,111.95804195804195,172.27272727272728,True,105.24166666666666,131.17499999999998,198.975,True
02/10/2023 21:57:58,../../dataset/valid/N231200870.JPG,46.13986013986015,41.811188811188806,44.69230769230769,False,37.11666666666667,36.13333333333334,51.37500000000001,True
02/10/2023 21:57:58,../../dataset/valid/N230601454.JPG,97.87412587412588,130.25874125874125,192.25874125874128,True,103.77500000000002,140.35,204.50833333333333,True
02/10/2023 21:57:58,../../dataset/valid/N231200858.JPG,106.5244755244755,127.38461538461537,187.55944055944053,True,114.18333333333334,150.08333333333334,220.08333333333334,True
02/10/2023 21:57:58,../../dataset/valid/N230201660.JPG,102.12587412587412,101.16083916083916,154.32867132867133,True,164.88333333333335,164.45,228.45833333333334,True
02/10/2023 21:57:58,../../dataset/valid/N236100476.JPG,120.55244755244757,131.25174825174827,178.93706293706296,True,151.95833333333331,159.85833333333332,208.475,True
02/10/2023 21:57:58,../../dataset/valid/N230201476.JPG,103.82517482517481,119.11888111888113,186.4685314685315,True,145.89166666666665,159.02500000000003,223.77499999999998,True
02/10/2023 21:57:58,../../dataset/valid/N230501638.JPG,83.60139860139861,118.9090909090909,176.1678321678322,True,110.03333333333332,143.35833333333332,200.53333333333333,True
02/10/2023 21:57:58,../../dataset/valid/N231401263.JPG,87.23076923076923,100.7972027972028,143.0769230769231,True,116.175,135.80833333333334,196.72500000000002,True
02/10/2023 21:57:59,../../dataset/valid/N230201477.JPG,89.61538461538461,132.75524475524477,177.5874125874126,True,141.85833333333332,182.85833333333332,221.44166666666663,True
02/10/2023 21:57:59,../../dataset/valid/N231401277.JPG,99.36363636363635,124.20279720279721,174.013986013986,True,138.0583333333333,166.8083333333333,217.14166666666668,True
02/10/2023 21:57:59,../../dataset/valid/N231701595.JPG,107.64335664335665,124.97902097902099,164.78321678321677,True,116.36666666666666,134.38333333333333,181.76666666666665,True
02/10/2023 21:57:59,../../dataset/valid/N239001107.JPG,109.86713286713287,148.7832167832168,206.95104895104893,True,162.43333333333334,189.82499999999996,232.2166666666667,True
02/10/2023 21:57:59,../../dataset/valid/N230301661.JPG,134.67132867132867,154.72727272727272,218.86013986013984,True,140.45833333333331,158.65833333333333,224.59999999999994,True
02/10/2023 21:57:59,../../dataset/valid/N230101829.JPG,79.75524475524477,104.4755244755245,178.95104895104896,True,89.55833333333332,119.85833333333333,199.5666666666667,True
02/10/2023 21:57:59,../../dataset/valid/N231200871.JPG,114.25174825174827,152.013986013986,209.00000000000003,True,125.72500000000002,169.4416666666667,232.73333333333335,True
02/10/2023 21:57:59,../../dataset/valid/N231501101.JPG,80.76223776223777,99.17482517482519,131.95104895104896,True,86.10000000000001,103.39166666666667,136.34166666666664,True
02/10/2023 21:57:59,../../dataset/valid/N230101975.JPG,105.18181818181817,125.36363636363635,177.7132867132867,True,123.30000000000001,155.49166666666667,224.5,True
02/10/2023 21:57:59,../../dataset/valid/N230501572.JPG,83.67132867132865,94.53146853146852,132.43356643356643,True,129.15833333333336,148.84166666666667,201.2166666666667,True
02/10/2023 21:57:59,../../dataset/valid/N231401303.JPG,152.44755244755243,146.75524475524477,178.86013986013984,True,141.75833333333335,137.525,174.20000000000002,True
02/10/2023 21:57:59,../../dataset/valid/N236100517.JPG,89.55244755244756,111.04195804195804,161.48251748251747,True,76.02499999999999,106.10833333333333,160.59166666666667,True
02/10/2023 21:57:59,../../dataset/valid/N231500951.JPG,81.58041958041957,112.82517482517483,196.4825174825175,True,123.27499999999999,142.45000000000002,217.975,True
02/10/2023 21:57:59,../../dataset/valid/N231401326.JPG,80.14685314685318,128.0,211.2027972027972,True,112.51666666666665,157.04166666666666,232.73333333333335,True
02/10/2023 21:57:59,../../dataset/valid/N230701262.JPG,86.36363636363636,98.25874125874125,158.03496503496504,True,74.51666666666667,73.11666666666669,97.78333333333335,True
02/10/2023 21:57:59,../../dataset/valid/N230301917.JPG,47.19580419580419,68.8881118881119,113.81818181818183,True,85.40000000000002,129.42499999999998,209.87499999999997,True
02/10/2023 21:57:59,../../dataset/valid/N230501543.JPG,74.69230769230768,90.7972027972028,152.04895104895104,True,106.39166666666667,125.39166666666667,193.34166666666667,True
02/10/2023 21:57:59,../../dataset/valid/N230701302.JPG,120.41958041958043,149.06993006993008,209.5244755244755,True,130.775,159.1,223.04166666666666,True
02/10/2023 21:57:59,../../dataset/valid/N237100592.JPG,133.46153846153845,156.5804195804196,206.81118881118877,True,157.80833333333337,181.61666666666667,237.66666666666666,True
02/10/2023 21:57:59,../../dataset/valid/N231300868.JPG,119.95104895104895,136.32167832167832,189.95104895104896,True,110.05833333333332,136.74166666666667,204.90833333333333,True
02/10/2023 21:57:59,../../dataset/valid/N230501386.JPG,70.04895104895105,74.97902097902099,119.10489510489512,True,140.775,146.60833333333335,190.1583333333334,True
02/10/2023 21:57:59,../../dataset/valid/N230301888.JPG,80.07692307692308,94.5034965034965,141.66433566433568,True,105.40833333333335,121.50833333333334,173.29166666666666,True
02/10/2023 21:57:59,../../dataset/valid/N230301650.JPG,100.9090909090909,123.006993006993,183.27972027972027,True,128.79166666666666,155.74166666666667,219.84166666666667,True
02/10/2023 21:57:59,../../dataset/valid/N230501423.JPG,82.55244755244756,101.3776223776224,118.22377622377621,True,100.20833333333333,129.82500000000002,165.59166666666667,True
02/10/2023 21:57:59,../../dataset/valid/N230201446.JPG,77.11888111888112,105.96503496503495,174.16083916083915,True,97.21666666666665,126.88333333333333,197.7833333333333,True
02/10/2023 21:57:59,../../dataset/valid/N230201452.JPG,75.94405594405595,95.86713286713287,154.50349650349648,True,85.48333333333333,105.52499999999998,162.5083333333333,True
02/10/2023 21:57:59,../../dataset/valid/N230201453.JPG,78.13286713286712,93.62937062937064,158.36363636363637,True,91.425,116.175,193.75833333333333,True
02/10/2023 21:57:59,../../dataset/valid/N231401253.JPG,161.1748251748252,171.04195804195803,212.69230769230768,True,142.80833333333334,163.01666666666668,210.9333333333333,True
02/10/2023 21:58:00,../../dataset/valid/N230201447.JPG,89.22377622377621,139.30069930069928,193.4755244755245,True,71.44166666666668,125.97500000000001,187.38333333333333,True
02/10/2023 21:58:00,../../dataset/valid/N230601667.JPG,125.75524475524475,143.45454545454547,197.63636363636363,True,152.3083333333333,171.25833333333333,232.58333333333337,True
02/10/2023 21:58:00,../../dataset/valid/N231401284.JPG,108.41958041958043,141.1258741258741,195.4615384615385,True,167.00833333333335,186.45000000000002,228.32500000000005,True
02/10/2023 21:58:00,../../dataset/valid/N231401290.JPG,71.09790209790208,98.32167832167832,158.78321678321674,True,79.38333333333334,116.72500000000002,182.84166666666667,True
02/10/2023 21:58:00,../../dataset/valid/N231300896.JPG,74.2867132867133,92.86713286713287,166.46853146853147,True,83.21666666666667,106.16666666666667,187.225,True
02/10/2023 21:58:00,../../dataset/valid/N230601471.JPG,126.60139860139861,148.50349650349654,211.6153846153846,True,124.69166666666665,151.0083333333333,220.32500000000002,True
02/10/2023 21:58:00,../../dataset/valid/N230701288.JPG,175.67132867132867,194.54545454545453,209.58741258741262,True,196.9333333333333,214.35,222.76666666666665,True
02/10/2023 21:58:00,../../dataset/valid/N231501125.JPG,128.07692307692307,169.3566433566434,191.5594405594406,True,154.03333333333333,193.875,213.95000000000002,True
02/10/2023 21:58:00,../../dataset/valid/N230601539.JPG,118.60139860139861,139.45454545454547,202.16083916083915,True,141.075,160.95833333333334,226.07500000000002,True
02/10/2023 21:58:00,../../dataset/valid/N230101776.JPG,114.96503496503495,113.34265734265733,151.5104895104895,True,146.39166666666668,145.39166666666668,187.39166666666665,True
02/10/2023 21:58:00,../../dataset/valid/N230201527.JPG,132.37762237762237,136.3916083916084,174.8741258741259,True,162.64166666666668,165.12500000000003,206.45833333333334,True
02/10/2023 21:58:00,../../dataset/valid/N231500993.JPG,85.30069930069929,79.95804195804195,101.88811188811187,True,85.74999999999999,88.66666666666664,134.99166666666665,True
02/10/2023 21:58:00,../../dataset/valid/N230601707.JPG,112.95804195804195,129.06293706293704,196.5384615384615,True,170.7583333333333,188.24166666666665,251.42499999999995,True
02/10/2023 21:58:00,../../dataset/valid/N230201531.JPG,81.54545454545453,106.06293706293705,151.26573426573427,True,119.07499999999999,144.51666666666668,192.61666666666667,True
02/10/2023 21:58:00,../../dataset/valid/N231600929.JPG,96.74825174825175,138.97202797202797,206.91608391608395,True,127.83333333333331,168.75833333333335,241.20833333333334,True
02/10/2023 21:58:00,../../dataset/valid/N231401325.JPG,140.62937062937064,161.3986013986014,224.020979020979,True,142.71666666666667,163.45,227.18333333333337,True
02/10/2023 21:58:00,../../dataset/valid/N236100531.JPG,39.608391608391614,60.16083916083916,108.62237762237761,True,100.51666666666665,124.51666666666667,184.51666666666665,True
02/10/2023 21:58:00,../../dataset/valid/N230701275.JPG,121.73426573426573,147.21678321678323,201.49650349650352,True,127.075,149.95000000000002,206.30833333333337,True
02/10/2023 21:58:00,../../dataset/valid/N231200923.JPG,97.04195804195804,102.77622377622377,153.66433566433565,True,111.07499999999999,122.07499999999999,184.07500000000002,True
02/10/2023 21:58:00,../../dataset/valid/N237100585.JPG,111.006993006993,140.48951048951048,198.07692307692312,True,158.1916666666667,176.4416666666667,222.10833333333338,True
02/10/2023 21:58:00,../../dataset/valid/N230501385.JPG,99.53146853146852,129.1958041958042,208.24475524475523,True,114.52499999999999,148.15833333333333,238.0583333333333,True
02/10/2023 21:58:00,../../dataset/valid/N231501047.JPG,118.86713286713287,159.986013986014,219.67832167832168,True,147.55833333333334,186.64999999999998,245.06666666666663,True
02/10/2023 21:58:00,../../dataset/valid/N236100492.JPG,67.25174825174825,100.21678321678323,168.07692307692312,True,109.70833333333336,144.70833333333334,224.70833333333334,True
02/10/2023 21:58:00,../../dataset/valid/N230201445.JPG,106.95104895104893,119.65034965034965,170.93706293706293,True,116.14166666666667,137.82500000000002,208.60833333333335,True
02/10/2023 21:58:00,../../dataset/valid/N231301036.JPG,90.04195804195805,120.48251748251748,208.33566433566432,True,105.46666666666668,149.0666666666667,242.17499999999998,True
02/10/2023 21:58:00,../../dataset/valid/N230501636.JPG,25.167832167832163,23.167832167832163,23.167832167832163,False,44.58333333333332,40.4,41.68333333333333,False
02/10/2023 21:58:00,../../dataset/valid/N236000322.JPG,115.28671328671327,142.04895104895104,206.75524475524477,True,131.275,159.275,230.275,True
02/10/2023 21:58:00,../../dataset/valid/N230201450.JPG,98.38461538461539,91.51748251748252,137.16783216783216,True,110.27499999999999,107.30833333333332,160.05,True
02/10/2023 21:58:00,../../dataset/valid/N239001120.JPG,63.412587412587406,77.9090909090909,132.16783216783216,True,88.99166666666666,109.89166666666665,171.92499999999998,True
02/10/2023 21:58:00,../../dataset/valid/N230201493.JPG,125.77622377622377,140.16083916083915,213.5804195804196,True,145.60833333333332,160.06666666666666,232.73333333333332,True
02/10/2023 21:58:00,../../dataset/valid/N230501435.JPG,145.6153846153846,164.69230769230768,201.5034965034965,True,122.86666666666667,146.8,198.79999999999998,True
02/10/2023 21:58:01,../../dataset/valid/N230701328.JPG,80.64335664335664,103.06293706293704,166.6013986013986,True,98.27500000000002,123.35833333333335,195.52499999999998,True
02/10/2023 21:58:01,../../dataset/valid/N231601015.JPG,106.78321678321677,128.56643356643357,164.34265734265733,True,83.44166666666666,112.25833333333333,166.56666666666663,True
02/10/2023 21:58:01,../../dataset/valid/N230301849.JPG,82.86013986013987,88.45454545454547,141.7972027972028,True,71.72500000000001,90.65833333333335,172.82500000000002,True
02/10/2023 21:58:01,../../dataset/valid/N230601466.JPG,67.03496503496503,92.42657342657344,143.9160839160839,True,89.13333333333333,117.13333333333333,177.13333333333333,True
02/10/2023 21:58:01,../../dataset/valid/N237100590.JPG,107.87412587412585,132.013986013986,181.7832167832168,True,138.25,159.57500000000002,207.3416666666667,True
02/10/2023 21:58:01,../../dataset/valid/N230301726.JPG,85.65734265734265,130.0909090909091,193.4405594405594,True,105.825,156.85833333333335,229.82500000000002,True
02/10/2023 21:58:01,../../dataset/valid/N230101775.JPG,112.34265734265733,120.27972027972027,177.85314685314685,True,144.73333333333335,151.50833333333333,202.26666666666668,True
02/10/2023 21:58:01,../../dataset/valid/N231200922.JPG,116.29370629370626,116.13986013986013,137.9300699300699,True,109.54166666666664,112.34166666666668,135.90833333333333,True
02/10/2023 21:58:01,../../dataset/valid/N230501596.JPG,106.22377622377624,134.15384615384616,192.5244755244755,True,125.56666666666666,156.5666666666667,219.56666666666672,True
02/10/2023 21:58:01,../../dataset/valid/N230301915.JPG,77.25874125874125,101.04195804195805,150.39860139860141,True,114.41666666666664,137.41666666666666,193.41666666666666,True
02/10/2023 21:58:01,../../dataset/valid/N230101749.JPG,112.73426573426573,134.986013986014,200.06293706293704,True,132.28333333333333,150.64999999999998,223.2833333333333,True
02/10/2023 21:58:01,../../dataset/valid/N231401318.JPG,85.97902097902099,111.18881118881119,176.65734265734267,True,92.94166666666666,123.80833333333334,183.01666666666665,True
02/10/2023 21:58:01,../../dataset/valid/N236100530.JPG,104.10489510489509,125.013986013986,186.22377622377624,True,127.32500000000003,149.35,214.34166666666667,True
02/10/2023 21:58:01,../../dataset/valid/N230201530.JPG,134.20979020979019,162.93706293706293,221.7692307692308,True,144.45000000000002,174.9,229.9,True
02/10/2023 21:58:01,../../dataset/valid/N230201524.JPG,104.84615384615383,134.73426573426576,192.4755244755245,True,133.40833333333333,158.67499999999998,214.63333333333335,True
02/10/2023 21:58:01,../../dataset/valid/N236100508.JPG,124.0,155.95804195804192,231.61538461538464,True,149.2583333333333,187.19999999999996,252.1833333333333,True
02/10/2023 21:58:01,../../dataset/valid/N230501586.JPG,112.11188811188812,105.9230769230769,160.6993006993007,True,170.10833333333332,163.56666666666666,234.625,True
02/10/2023 21:58:01,../../dataset/valid/N230101995.JPG,95.54545454545453,131.47552447552445,191.67132867132867,True,129.50000000000003,153.10833333333335,213.475,True
02/10/2023 21:58:01,../../dataset/valid/N230701476.JPG,115.15384615384616,146.27272727272728,204.88111888111885,True,136.125,169.6,224.8083333333333,True
02/10/2023 21:58:01,../../dataset/valid/N230701304.JPG,56.72027972027972,50.811188811188806,65.78321678321677,True,87.26666666666665,90.78333333333332,129.01666666666665,True
02/10/2023 21:58:01,../../dataset/valid/N230301695.JPG,82.86013986013987,118.14685314685315,171.7972027972028,True,104.8,150.09166666666667,210.27500000000006,True
02/10/2023 21:58:01,../../dataset/valid/N230301656.JPG,113.62937062937064,132.25174825174827,186.79020979020976,True,156.0333333333333,172.71666666666667,219.82500000000002,True
02/10/2023 21:58:01,../../dataset/valid/N236100497.JPG,116.88811188811188,145.67132867132867,205.20979020979024,True,121.27500000000002,156.275,222.3083333333333,True
02/10/2023 21:58:01,../../dataset/valid/N239001118.JPG,57.06293706293707,101.46853146853147,158.3006993006993,True,102.99166666666667,154.57500000000002,209.94166666666672,True
02/10/2023 21:58:01,../../dataset/valid/N231401268.JPG,88.47552447552447,89.38461538461539,113.44755244755244,True,99.68333333333334,123.68333333333332,175.6833333333333,True
02/10/2023 21:58:01,../../dataset/valid/N236100469.JPG,133.60139860139859,159.85314685314685,218.09790209790208,True,110.16666666666669,139.975,201.88333333333333,True
02/10/2023 21:58:01,../../dataset/valid/N230201441.JPG,97.96503496503497,101.3006993006993,140.88811188811187,True,132.32500000000002,146.35833333333335,204.33333333333337,True
02/10/2023 21:58:01,../../dataset/valid/N236000327.JPG,127.35664335664335,136.76923076923077,202.58741258741262,True,139.4,145.70833333333334,207.00833333333333,True
02/10/2023 21:58:01,../../dataset/valid/N231301026.JPG,97.44055944055944,115.14685314685313,161.21678321678323,True,121.00833333333333,149.00833333333333,213.00833333333335,True
02/10/2023 21:58:01,../../dataset/valid/N230201496.JPG,125.986013986014,137.7062937062937,177.34265734265733,True,127.77500000000002,146.775,191.77499999999998,True
02/10/2023 21:58:02,../../dataset/valid/N231501043.JPG,46.671328671328666,53.21678321678321,87.5034965034965,True,43.63333333333333,42.01666666666667,55.224999999999994,True
02/10/2023 21:58:02,../../dataset/valid/N230301657.JPG,62.96503496503496,66.83916083916084,107.23776223776223,True,92.29166666666667,94.31666666666666,133.07500000000002,True
02/10/2023 21:58:02,../../dataset/valid/N230101837.JPG,91.28671328671327,123.25174825174825,191.94405594405595,True,104.78333333333332,140.55,220.35,True
02/10/2023 21:58:02,../../dataset/valid/N231501057.JPG,78.15384615384616,101.96503496503496,165.85314685314685,True,115.28333333333332,143.55833333333337,202.65,True
02/10/2023 21:58:02,../../dataset/valid/N230501424.JPG,119.2867132867133,154.96503496503496,211.96503496503496,True,124.74166666666669,162.79166666666666,223.36666666666667,True
02/10/2023 21:58:02,../../dataset/valid/N230201680.JPG,113.64335664335665,128.08391608391608,182.80419580419579,True,133.16666666666669,148.68333333333337,205.50000000000003,True
02/10/2023 21:58:02,../../dataset/valid/N237100581.JPG,110.48251748251748,122.44755244755245,195.10489510489512,True,162.33333333333334,167.025,223.18333333333337,True
02/10/2023 21:58:02,../../dataset/valid/N230501578.JPG,160.42657342657347,178.58041958041957,246.35664335664342,True,159.16666666666666,177.67499999999998,249.18333333333337,True
02/10/2023 21:58:02,../../dataset/valid/N231100974.JPG,135.46853146853147,125.3986013986014,194.25874125874128,True,151.17499999999998,149.48333333333332,216.70000000000005,True
02/10/2023 21:58:02,../../dataset/valid/N230501550.JPG,75.25174825174825,94.06993006993005,140.19580419580421,True,133.84166666666667,154.49166666666665,215.63333333333333,True
02/10/2023 21:58:02,../../dataset/valid/N231300927.JPG,89.86013986013987,119.37062937062939,186.14685314685315,True,91.575,127.20833333333333,204.6916666666667,True
02/10/2023 21:58:02,../../dataset/valid/N237100634.JPG,62.8041958041958,92.01398601398601,166.90909090909093,True,91.05833333333334,123.95000000000003,194.64999999999998,True
02/10/2023 21:58:02,../../dataset/valid/N239001086.JPG,56.40559440559439,59.93006993006993,108.17482517482519,True,111.42499999999997,125.27499999999999,201.07500000000002,True
02/10/2023 21:58:02,../../dataset/valid/N230601703.JPG,107.84615384615384,136.13286713286715,198.7832167832168,True,120.03333333333335,153.45000000000002,231.20000000000005,True
02/10/2023 21:58:02,../../dataset/valid/N231500954.JPG,111.62237762237761,143.61538461538464,196.4685314685315,True,129.16666666666669,159.725,212.84166666666667,True
02/10/2023 21:58:02,../../dataset/valid/N230601529.JPG,116.27972027972027,135.45454545454547,180.05594405594405,True,126.21666666666665,150.3,203.30000000000004,True
02/10/2023 21:58:02,../../dataset/valid/N230601515.JPG,101.00699300699301,110.49650349650348,162.93006993006995,True,147.2,163.54166666666666,231.11666666666665,True
02/10/2023 21:58:02,../../dataset/valid/N230701267.JPG,81.18181818181817,95.62937062937061,156.58041958041957,True,108.39166666666667,121.59166666666665,182.91666666666666,True
02/10/2023 21:58:02,../../dataset/valid/N230701298.JPG,25.98601398601398,27.916083916083917,36.74125874125875,True,85.01666666666667,110.52499999999999,170.51666666666668,True
02/10/2023 21:58:02,../../dataset/valid/N230301709.JPG,131.44055944055944,146.76923076923077,192.45454545454547,True,158.69166666666666,170.11666666666665,216.00833333333333,True
02/10/2023 21:58:02,../../dataset/valid/N231501121.JPG,126.5034965034965,162.69930069930072,231.55944055944062,True,107.26666666666667,153.33333333333334,231.48333333333335,True
02/10/2023 21:58:02,../../dataset/valid/N230101799.JPG,116.49650349650348,140.63636363636363,196.6013986013986,True,129.21666666666667,152.06666666666663,208.4666666666667,True
02/10/2023 21:58:02,../../dataset/valid/N231100976.JPG,69.97902097902099,68.58741258741259,96.53846153846153,True,167.7,166.61666666666665,212.44999999999996,True
02/10/2023 21:58:02,../../dataset/valid/N231200851.JPG,130.86013986013984,147.5034965034965,190.04895104895104,True,157.1,174.71666666666667,215.15833333333333,True
02/10/2023 21:58:02,../../dataset/valid/N230501397.JPG,92.0629370629371,110.05594405594404,166.22377622377618,True,126.56666666666666,143.37499999999997,205.29166666666666,True
02/10/2023 21:58:02,../../dataset/valid/N231300879.JPG,65.78321678321679,114.47552447552447,190.38461538461542,True,111.67500000000001,163.54166666666669,236.5666666666667,True
02/10/2023 21:58:02,../../dataset/valid/N237100583.JPG,101.65034965034965,120.38461538461539,176.2797202797203,True,98.96666666666668,134.4,202.23333333333335,True
02/10/2023 21:58:03,../../dataset/valid/N230301682.JPG,146.0,147.48951048951048,202.42657342657347,True,148.375,170.99166666666667,248.73333333333335,True
02/10/2023 21:58:03,../../dataset/valid/N230301669.JPG,137.63636363636365,140.77622377622382,183.73426573426573,True,110.99166666666666,130.15,188.75000000000003,True
02/10/2023 21:58:03,../../dataset/valid/N230201669.JPG,75.13286713286713,116.51748251748252,188.28671328671328,True,103.56666666666666,156.56666666666663,229.56666666666663,True
02/10/2023 21:58:03,../../dataset/valid/N236100494.JPG,100.65034965034967,130.79720279720277,182.44755244755245,True,108.875,132.875,184.875,True
02/10/2023 21:58:03,../../dataset/valid/N239001127.JPG,35.35664335664335,33.74825174825175,34.16783216783217,False,53.208333333333336,50.291666666666664,58.699999999999996,True
02/10/2023 21:58:03,../../dataset/valid/N231301024.JPG,29.937062937062937,32.46153846153847,58.97902097902099,True,62.31666666666667,78.20833333333333,122.33333333333333,True
02/10/2023 21:58:03,../../dataset/valid/N231401242.JPG,104.03496503496503,131.53846153846155,175.1398601398601,True,117.8,145.73333333333332,186.69166666666663,True
02/10/2023 21:58:03,../../dataset/valid/N230201442.JPG,52.25174825174824,49.41958041958041,49.65034965034965,False,43.63333333333333,42.208333333333336,42.56666666666667,False
02/10/2023 21:58:03,../../dataset/valid/N231401256.JPG,122.3006993006993,141.2657342657343,222.74125874125872,True,150.04166666666666,161.86666666666667,241.3166666666667,True
02/10/2023 21:58:03,../../dataset/valid/N230501625.JPG,167.54545454545453,184.22377622377624,238.32167832167832,True,166.5583333333333,188.39166666666665,247.225,True
02/10/2023 21:58:03,../../dataset/valid/N236000330.JPG,112.23076923076921,152.7202797202797,208.86013986013984,True,96.16666666666667,135.83333333333334,199.83333333333334,True
02/10/2023 21:58:03,../../dataset/valid/N231301025.JPG,137.84615384615384,156.65034965034968,215.6013986013986,True,153.40833333333336,173.5666666666667,234.6833333333333,True
02/10/2023 21:58:03,../../dataset/valid/N230301654.JPG,110.4895104895105,129.92307692307693,177.55244755244755,True,96.61666666666667,114.94166666666668,160.01666666666668,True
02/10/2023 21:58:03,../../dataset/valid/N230101808.JPG,91.08391608391608,114.91608391608392,173.8391608391608,True,107.31666666666666,137.35,196.35000000000002,True
02/10/2023 21:58:03,../../dataset/valid/N230301668.JPG,100.54545454545456,136.83916083916085,200.15384615384616,True,137.90833333333333,174.875,232.5666666666667,True
02/10/2023 21:58:03,../../dataset/valid/N231200893.JPG,84.72727272727273,86.25874125874125,115.72727272727272,True,121.27499999999999,139.70000000000002,201.79999999999998,True
02/10/2023 21:58:03,../../dataset/valid/N231708792.JPG,56.95804195804195,70.26573426573427,108.15384615384617,True,115.12499999999999,136.60000000000002,190.16666666666663,True
02/10/2023 21:58:03,../../dataset/valid/N230701312.JPG,119.9020979020979,126.51048951048952,181.97202797202797,True,133.45000000000002,150.16666666666666,212.75,True
02/10/2023 21:58:03,../../dataset/valid/N237100582.JPG,114.42657342657344,136.84615384615387,198.66433566433568,True,128.38333333333335,154.15833333333333,225.81666666666663,True
02/10/2023 21:58:03,../../dataset/valid/N230301697.JPG,68.88811188811191,104.06293706293708,201.74825174825176,True,79.45,114.06666666666666,213.11666666666667,True
02/10/2023 21:58:03,../../dataset/valid/N230601474.JPG,68.13286713286713,66.17482517482519,87.36363636363636,True,182.95000000000002,189.16666666666666,244.1,True
02/10/2023 21:58:03,../../dataset/valid/N230501382.JPG,128.27972027972027,155.54545454545453,204.84615384615384,True,149.18333333333334,173.39999999999998,218.80833333333337,True
02/10/2023 21:58:03,../../dataset/valid/N230601514.JPG,90.76223776223779,101.55944055944056,155.71328671328672,True,130.0583333333333,133.7,183.00833333333333,True
02/10/2023 21:58:04,../../dataset/valid/N231200918.JPG,128.8741258741259,168.6293706293706,203.13286713286715,True,170.475,207.40833333333333,233.5,True
02/10/2023 21:58:04,../../dataset/valid/N230601528.JPG,113.2867132867133,136.53846153846155,207.79020979020976,True,139.90833333333333,165.40833333333336,239.93333333333337,True
02/10/2023 21:58:04,../../dataset/valid/N231701615.JPG,47.71328671328671,46.0,47.35664335664335,False,46.53333333333334,45.041666666666664,51.541666666666664,True
02/10/2023 21:58:04,../../dataset/valid/N230201522.JPG,72.5174825174825,101.08391608391608,160.32167832167835,True,89.53333333333335,116.15000000000002,182.81666666666663,True
02/10/2023 21:58:04,../../dataset/valid/N236100545.JPG,101.66433566433567,134.60139860139859,212.8041958041958,True,123.36666666666667,160.20000000000002,245.6166666666667,True
02/10/2023 21:58:04,../../dataset/valid/N230201579.JPG,98.99300699300699,149.24475524475525,204.37062937062942,True,110.05,166.175,221.1,True
02/10/2023 21:58:04,../../dataset/valid/N230601567.JPG,105.46153846153848,124.52447552447553,178.65734265734267,True,148.7416666666667,169.15833333333336,232.90833333333333,True
02/10/2023 21:58:04,../../dataset/valid/N239001223.JPG,112.69930069930071,112.72027972027975,164.83216783216784,True,118.75,131.25833333333333,193.21666666666667,True
02/10/2023 21:58:04,../../dataset/valid/N231401190.JPG,99.75524475524475,122.84615384615384,177.993006993007,True,131.50833333333335,159.59166666666667,230.42500000000004,True
02/10/2023 21:58:04,../../dataset/valid/N231601100.JPG,95.11188811188809,131.86713286713285,190.3426573426573,True,114.64166666666665,157.35833333333335,222.94166666666663,True
02/10/2023 21:58:04,../../dataset/valid/N231300943.JPG,79.66433566433565,112.20279720279723,182.7482517482517,True,104.41666666666667,139.79166666666666,215.63333333333335,True
02/10/2023 21:58:04,../../dataset/valid/N230301747.JPG,105.78321678321677,115.10489510489509,158.45454545454547,True,130.625,140.67499999999998,188.25833333333333,True
02/10/2023 21:58:04,../../dataset/valid/N231100910.JPG,98.01398601398601,113.09090909090911,166.11888111888112,True,131.025,145.03333333333333,195.53333333333333,True
02/10/2023 21:58:04,../../dataset/valid/N231300994.JPG,100.74125874125875,122.78321678321679,202.25174825174824,True,119.46666666666668,151.09166666666667,227.33333333333334,True
02/10/2023 21:58:04,../../dataset/valid/N230601361.JPG,142.4265734265734,147.08391608391605,198.0979020979021,True,136.10833333333332,149.60833333333335,209.88333333333333,True
02/10/2023 21:58:04,../../dataset/valid/N230601349.JPG,128.3986013986014,128.56643356643357,172.32167832167835,True,127.14999999999999,146.13333333333335,198.6,True
02/10/2023 21:58:04,../../dataset/valid/N230101660.JPG,91.00699300699301,107.39860139860139,159.78321678321677,True,131.40833333333333,152.40833333333333,214.40833333333333,True
02/10/2023 21:58:04,../../dataset/valid/N231701712.JPG,108.02797202797203,138.979020979021,188.7832167832168,True,138.50000000000003,179.0666666666667,243.68333333333337,True
02/10/2023 21:58:04,../../dataset/valid/N239001141.JPG,93.79020979020979,104.11188811188812,134.34965034965035,True,133.38333333333333,143.28333333333333,172.04999999999998,True
02/10/2023 21:58:04,../../dataset/valid/N231101039.JPG,95.35664335664335,101.6153846153846,138.46153846153845,True,139.14166666666665,156.725,211.35,True
02/10/2023 21:58:04,../../dataset/valid/N231401225.JPG,118.06293706293708,140.41958041958043,183.02797202797197,True,145.45833333333331,168.45833333333331,213.45833333333334,True
02/10/2023 21:58:04,../../dataset/valid/N236000343.JPG,100.47552447552447,138.90209790209792,196.66433566433568,True,104.95,145.29999999999998,203.88333333333333,True
02/10/2023 21:58:04,../../dataset/valid/N239001197.JPG,98.34265734265735,139.93706293706293,218.55944055944053,True,138.40833333333333,187.26666666666668,250.21666666666667,True
02/10/2023 21:58:04,../../dataset/valid/N231501032.JPG,109.91608391608393,129.14685314685315,169.11888111888112,True,109.72499999999998,130.75833333333333,175.65833333333333,True
02/10/2023 21:58:04,../../dataset/valid/N230101661.JPG,73.26573426573427,106.94405594405592,173.8041958041958,True,94.18333333333334,131.49999999999997,210.07500000000002,True
02/10/2023 21:58:04,../../dataset/valid/N230601360.JPG,95.46853146853147,91.92307692307693,115.46153846153847,True,102.08333333333333,99.41666666666667,121.91666666666667,True
02/10/2023 21:58:04,../../dataset/valid/N230601374.JPG,125.21678321678323,131.83916083916083,186.18881118881123,True,134.38333333333333,146.65,208.65,True
02/10/2023 21:58:04,../../dataset/valid/N231300942.JPG,108.47552447552448,136.32867132867133,188.93706293706293,True,150.10833333333332,181.69166666666663,233.85833333333335,True
02/10/2023 21:58:04,../../dataset/valid/N230701228.JPG,130.93706293706293,155.74825174825173,215.6433566433567,True,128.78333333333336,155.64166666666668,225.82499999999996,True
02/10/2023 21:58:04,../../dataset/valid/N231601129.JPG,127.46853146853147,137.74825174825173,188.1888111888112,True,141.40833333333333,156.82500000000002,202.82499999999996,True
02/10/2023 21:58:05,../../dataset/valid/N238000201.JPG,127.18181818181816,140.75524475524475,195.48951048951045,True,118.79166666666667,143.61666666666667,212.14166666666662,True
02/10/2023 21:58:05,../../dataset/valid/N230601570.JPG,100.92307692307692,139.97202797202797,197.8601398601399,True,150.18333333333334,181.3083333333333,221.42500000000004,True
02/10/2023 21:58:05,../../dataset/valid/N238100559.JPG,83.81118881118883,134.24475524475525,210.67832167832168,True,96.77499999999999,150.775,227.775,True
02/10/2023 21:58:05,../../dataset/valid/N231200798.JPG,119.16083916083917,127.78321678321679,169.46153846153845,True,148.8,161.08333333333334,226.08333333333334,True
02/10/2023 21:58:05,../../dataset/valid/N230101717.JPG,135.7972027972028,148.0979020979021,211.03496503496504,True,150.09166666666664,160.92499999999998,224.92499999999998,True
02/10/2023 21:58:05,../../dataset/valid/N231300954.JPG,118.72727272727273,116.37062937062939,126.7062937062937,True,153.3083333333333,157.725,191.5583333333333,True
02/10/2023 21:58:05,../../dataset/valid/N230101918.JPG,103.58741258741257,127.60839160839161,160.7062937062937,True,127.99166666666666,155.40833333333333,198.15833333333333,True
02/10/2023 21:58:05,../../dataset/valid/N230501523.JPG,50.881118881118866,53.167832167832174,57.12587412587413,True,53.37499999999999,64.19166666666666,94.13333333333334,True
02/10/2023 21:58:05,../../dataset/valid/N231200820.JPG,104.82517482517481,123.30769230769232,178.21678321678323,True,122.95833333333333,143.19166666666666,203.9416666666667,True
02/10/2023 21:58:05,../../dataset/valid/N231100873.JPG,66.83216783216781,111.9020979020979,200.30069930069928,True,96.81666666666666,147.93333333333337,251.5,True
02/10/2023 21:58:05,../../dataset/valid/N231101012.JPG,56.643356643356654,75.65034965034964,146.7972027972028,True,82.38333333333334,111.78333333333335,193.7583333333333,True
02/10/2023 21:58:05,../../dataset/valid/N230201432.JPG,104.55944055944056,129.0979020979021,202.90909090909093,True,126.66666666666667,156.70000000000002,228.62500000000003,True
02/10/2023 21:58:05,../../dataset/valid/N236000354.JPG,91.75524475524475,108.21678321678323,136.1398601398601,True,92.49166666666667,99.28333333333332,127.30833333333334,True
02/10/2023 21:58:05,../../dataset/valid/N230301631.JPG,88.65734265734265,104.04195804195803,150.72727272727272,True,93.40833333333332,112.75833333333334,171.65,True
02/10/2023 21:58:05,../../dataset/valid/N231100866.JPG,139.1188811188811,165.21678321678323,193.46853146853147,True,112.25000000000001,151.49166666666665,190.20000000000002,True
02/10/2023 21:58:05,../../dataset/valid/N230201631.JPG,83.5034965034965,88.47552447552448,134.04195804195805,True,160.96666666666667,169.03333333333333,224.95833333333337,True
02/10/2023 21:58:05,../../dataset/valid/N231200835.JPG,97.4125874125874,121.0699300699301,171.1748251748252,True,144.80833333333334,161.84166666666667,204.90833333333333,True
02/10/2023 21:58:05,../../dataset/valid/N231701704.JPG,130.23076923076923,150.27272727272725,208.14685314685318,True,148.60833333333332,168.79166666666669,232.9333333333333,True
02/10/2023 21:58:05,../../dataset/valid/N231200809.JPG,57.167832167832174,88.6013986013986,138.2237762237762,True,124.35000000000001,169.71666666666667,240.21666666666667,True
02/10/2023 21:58:05,../../dataset/valid/N230101886.JPG,126.62937062937065,156.7902097902098,215.87412587412584,True,140.35833333333332,176.92499999999998,245.80833333333337,True
02/10/2023 21:58:05,../../dataset/valid/N231200772.JPG,59.2027972027972,68.95104895104895,93.09790209790208,True,83.45833333333333,119.20833333333333,185.8083333333333,True
02/10/2023 21:58:05,../../dataset/valid/N231701664.JPG,62.60839160839161,93.42657342657343,157.96503496503496,True,120.10000000000001,150.25,225.04166666666666,True
02/10/2023 21:58:05,../../dataset/valid/N230201547.JPG,102.13286713286712,120.99999999999999,160.11188811188808,True,117.3416666666667,131.8666666666667,175.9416666666667,True
02/10/2023 21:58:05,../../dataset/valid/N231701466.JPG,97.42657342657343,151.06993006993008,223.56643356643357,True,100.425,148.80833333333337,231.68333333333337,True
02/10/2023 21:58:05,../../dataset/valid/N230201543.JPG,97.7132867132867,119.39160839160839,170.8741258741259,True,101.75833333333333,124.53333333333332,177.82500000000002,True
02/10/2023 21:58:05,../../dataset/valid/N239001219.JPG,110.04195804195804,154.27972027972027,224.71328671328678,True,150.0,183.18333333333337,244.63333333333333,True
02/10/2023 21:58:05,../../dataset/valid/N231300951.JPG,115.06293706293708,144.41258741258738,201.979020979021,True,128.425,158.89166666666668,223.16666666666666,True
02/10/2023 21:58:05,../../dataset/valid/N230301796.JPG,109.89510489510491,122.53146853146853,162.06993006993005,True,100.84999999999998,124.15833333333335,184.2166666666667,True
02/10/2023 21:58:05,../../dataset/valid/N230301782.JPG,83.46853146853147,100.10489510489512,141.35664335664333,True,106.60833333333335,133.9416666666667,189.80833333333337,True
02/10/2023 21:58:05,../../dataset/valid/N230501532.JPG,87.04195804195804,105.87412587412587,164.81118881118886,True,100.28333333333335,129.20833333333334,197.44166666666663,True
02/10/2023 21:58:06,../../dataset/valid/N230501526.JPG,63.314685314685306,65.58741258741259,87.02097902097901,True,117.41666666666667,137.45833333333334,193.04999999999998,True
02/10/2023 21:58:06,../../dataset/valid/N231200776.JPG,64.65734265734267,76.61538461538463,123.37062937062939,True,56.208333333333336,74.4,126.44166666666666,True
02/10/2023 21:58:06,../../dataset/valid/N231701700.JPG,113.63636363636364,144.34265734265736,223.12587412587416,True,141.13333333333335,166.13333333333335,246.13333333333335,True
02/10/2023 21:58:06,../../dataset/valid/N231200819.JPG,104.09790209790208,142.94405594405595,200.5174825174825,True,117.47500000000001,157.45833333333334,222.45833333333337,True
02/10/2023 21:58:06,../../dataset/valid/N230601367.JPG,136.00000000000003,168.16783216783216,231.15384615384616,True,166.07500000000002,196.6583333333334,251.40833333333333,True
02/10/2023 21:58:06,../../dataset/valid/N231703659.JPG,136.1118881118881,154.08391608391608,203.82517482517486,True,156.60833333333332,179.56666666666663,234.0583333333333,True
02/10/2023 21:58:06,../../dataset/valid/N231501009.JPG,128.15384615384613,148.5034965034965,199.39160839160837,True,144.775,168.29166666666666,219.2083333333333,True
02/10/2023 21:58:06,../../dataset/valid/N230101841.JPG,142.67132867132867,154.7202797202797,166.75524475524475,True,160.71666666666667,177.65,189.35833333333335,True
02/10/2023 21:58:06,../../dataset/valid/N231701516.JPG,196.11888111888112,223.49650349650346,251.25174825174827,True,203.39166666666668,229.39166666666665,250.8083333333333,True
02/10/2023 21:58:06,../../dataset/valid/N231301044.JPG,114.57342657342657,134.25174825174824,167.6853146853147,True,106.94166666666666,135.54166666666666,171.90833333333333,True
02/10/2023 21:58:06,../../dataset/valid/N231301078.JPG,133.65734265734267,137.32867132867133,172.6293706293706,True,137.78333333333336,151.29999999999998,200.54999999999998,True
02/10/2023 21:58:06,../../dataset/valid/N230101854.JPG,76.25874125874125,87.87412587412588,108.73426573426573,True,102.41666666666667,124.02499999999999,163.66666666666669,True
02/10/2023 21:58:06,../../dataset/valid/N230101883.JPG,77.36363636363636,91.81118881118881,113.65034965034964,True,94.675,119.37499999999999,152.54166666666666,True
02/10/2023 21:58:06,../../dataset/valid/N230601366.JPG,88.58741258741257,114.93706293706295,181.25874125874128,True,106.47500000000001,141.16666666666666,223.85,True
02/10/2023 21:58:06,../../dataset/valid/N231200824.JPG,94.11888111888112,97.67832167832168,129.82517482517483,True,120.79166666666667,135.775,181.50833333333333,True
02/10/2023 21:58:06,../../dataset/valid/N238100575.JPG,116.80419580419581,141.85314685314685,199.71328671328672,True,122.68333333333332,153.53333333333333,222.54999999999998,True
02/10/2023 21:58:06,../../dataset/valid/N230301797.JPG,129.25874125874125,160.41958041958043,215.90209790209792,True,136.80833333333334,168.8083333333333,227.8083333333333,True
02/10/2023 21:58:06,../../dataset/valid/N231401197.JPG,81.16083916083917,100.9020979020979,169.60839160839163,True,128.7583333333333,152.35833333333338,241.98333333333335,True
02/10/2023 21:58:06,../../dataset/valid/N231600966.JPG,96.04895104895105,118.20279720279721,160.48251748251747,True,106.74166666666667,143.13333333333335,198.38333333333335,True
02/10/2023 21:58:06,../../dataset/valid/N231701463.JPG,104.48951048951048,119.6783216783217,169.6153846153846,True,97.13333333333331,116.36666666666667,171.75833333333333,True
02/10/2023 21:58:06,../../dataset/valid/N230201554.JPG,39.57342657342657,44.17482517482517,51.56643356643357,True,108.72500000000001,149.05833333333337,215.50833333333333,True
02/10/2023 21:58:06,../../dataset/valid/N231701677.JPG,85.0839160839161,104.73426573426575,143.9230769230769,True,128.25,151.6,192.08333333333334,True
02/10/2023 21:58:06,../../dataset/valid/N230601576.JPG,95.96503496503496,129.6153846153846,200.97202797202797,True,99.86666666666667,147.42499999999998,223.84166666666667,True
02/10/2023 21:58:06,../../dataset/valid/N231300985.JPG,115.37762237762237,131.93706293706296,175.76923076923077,True,127.03333333333335,145.82500000000002,194.16666666666666,True
02/10/2023 21:58:06,../../dataset/valid/N230601589.JPG,37.59440559440559,48.60839160839161,66.8881118881119,True,118.21666666666665,141.4416666666667,191.44166666666663,True
02/10/2023 21:58:06,../../dataset/valid/N230101671.JPG,85.19580419580419,101.6153846153846,169.86013986013984,True,111.375,128.375,201.375,True
02/10/2023 21:58:06,../../dataset/valid/N230701364.JPG,120.68531468531471,147.5944055944056,211.99300699300704,True,127.78333333333335,172.1833333333333,246.29999999999998,True
02/10/2023 21:58:06,../../dataset/valid/N230601364.JPG,73.02097902097901,113.79020979020977,200.09790209790214,True,113.08333333333333,159.91666666666666,245.66666666666663,True
02/10/2023 21:58:06,../../dataset/valid/N230501445.JPG,135.11888111888112,167.4965034965035,223.11888111888112,True,154.775,186.07500000000002,239.55833333333337,True
02/10/2023 21:58:06,../../dataset/valid/N231701529.JPG,113.56643356643356,141.39160839160837,209.47552447552445,True,102.83333333333336,137.4333333333333,222.30000000000004,True
02/10/2023 21:58:07,../../dataset/valid/N232800024.JPG,115.93706293706295,131.93706293706293,184.72727272727272,True,125.075,143.68333333333334,195.26666666666668,True
02/10/2023 21:58:07,../../dataset/valid/N230601600.JPG,124.03496503496505,134.9020979020979,181.68531468531467,True,133.03333333333333,153.85833333333335,211.85833333333332,True
02/10/2023 21:58:07,../../dataset/valid/N239001150.JPG,103.90209790209789,134.12587412587413,187.77622377622376,True,132.39166666666668,157.625,211.59166666666667,True
02/10/2023 21:58:07,../../dataset/valid/N230201408.JPG,101.14685314685315,130.46153846153845,166.13286713286715,True,130.91666666666666,155.5666666666667,191.5,True
02/10/2023 21:58:07,../../dataset/valid/N230201420.JPG,59.580419580419594,85.17482517482519,140.37762237762237,True,101.65833333333335,127.19999999999999,175.48333333333332,True
02/10/2023 21:58:07,../../dataset/valid/N238100600.JPG,39.82517482517482,28.335664335664333,28.440559440559444,False,58.26666666666667,55.9,91.52499999999999,True
02/10/2023 21:58:07,../../dataset/valid/N239001179.JPG,128.97902097902096,143.18881118881114,196.23076923076923,True,124.42500000000001,145.40833333333333,206.40833333333333,True
02/10/2023 21:58:07,../../dataset/valid/N230601629.JPG,61.09790209790209,65.37762237762239,67.86013986013985,True,75.19166666666668,82.325,83.3,True
02/10/2023 21:58:07,../../dataset/valid/N231301085.JPG,79.09790209790211,93.14685314685315,139.34265734265736,True,115.05000000000001,153.60000000000002,209.79166666666666,True
02/10/2023 21:58:07,../../dataset/valid/N230201623.JPG,130.8951048951049,162.8111888111888,222.4125874125874,True,148.95833333333334,185.17499999999998,246.39999999999998,True
02/10/2023 21:58:07,../../dataset/valid/N231100874.JPG,95.82517482517483,143.83216783216784,238.16083916083915,True,108.14166666666665,158.98333333333332,251.1583333333333,True
02/10/2023 21:58:07,../../dataset/valid/N230101664.JPG,133.3286713286713,147.55244755244757,215.04895104895104,True,152.58333333333331,168.61666666666665,234.6,True
02/10/2023 21:58:07,../../dataset/valid/N231200774.JPG,130.55944055944056,154.67832167832168,220.99999999999997,True,157.35833333333332,182.39999999999998,252.23333333333332,True
02/10/2023 21:58:07,../../dataset/valid/N238000204.JPG,76.16783216783216,99.92307692307692,158.16783216783216,True,100.79166666666669,131.44166666666666,200.42499999999998,True
02/10/2023 21:58:07,../../dataset/valid/N230301780.JPG,93.81118881118881,132.93706293706293,194.64335664335664,True,118.73333333333335,155.11666666666667,220.54166666666666,True
02/10/2023 21:58:07,../../dataset/valid/N230101710.JPG,95.4965034965035,121.04195804195804,174.8601398601399,True,102.45,125.44999999999999,181.45000000000002,True
02/10/2023 21:58:07,../../dataset/valid/N236100555.JPG,111.16083916083916,142.47552447552445,212.993006993007,True,119.83333333333333,153.99999999999997,233.99999999999997,True
02/10/2023 21:58:07,../../dataset/valid/N237100668.JPG,83.37762237762237,98.27272727272727,140.1118881118881,True,142.49999999999997,169.91666666666666,233.9166666666667,True
02/10/2023 21:58:07,../../dataset/valid/N231701448.JPG,33.825174825174834,44.55944055944056,61.55244755244756,True,124.64166666666667,154.63333333333335,207.025,True
02/10/2023 21:58:07,../../dataset/valid/N239001031.JPG,41.02797202797203,63.790209790209786,89.6083916083916,True,92.63333333333334,128.28333333333333,167.525,True
02/10/2023 21:58:07,../../dataset/valid/N231701460.JPG,140.74125874125872,150.48251748251747,183.91608391608395,True,136.4,161.84166666666664,208.04999999999998,True
