log_time,image,l_blue,l_green,l_red,l_has_red_eye,r_blue,r_green,r_red,r_has_red_eye,l_compliance_score,r_compliance_score
28/10/2023 16:11:46,../../dataset/valid/N239001014.JPG,186.034965034965,118.72027972027973,84.53846153846153,True,186.93333333333337,114.80833333333332,79.775,True,100.0,100.0
28/10/2023 16:11:46,../../dataset/valid/N230201570.JPG,191.09790209790205,118.37062937062939,89.00000000000001,True,234.9416666666667,173.95000000000002,147.85833333333332,True,100.0,100.0
28/10/2023 16:11:46,../../dataset/valid/N230101709.JPG,23.559440559440556,24.41958041958042,29.09090909090909,True,228.69999999999996,159.35833333333332,130.69166666666666,True,100.0,100.0
28/10/2023 16:11:46,../../dataset/valid/N230701220.JPG,199.07692307692307,154.6433566433566,144.44755244755245,True,220.27500000000006,164.73333333333335,144.80833333333334,True,100.0,100.0
28/10/2023 16:11:46,../../dataset/valid/N230301766.JPG,196.83916083916088,142.66433566433568,115.75524475524477,True,204.05833333333337,146.04999999999998,119.375,True,100.0,100.0
28/10/2023 16:11:47,../../dataset/valid/N230601354.JPG,199.99300699300693,145.83216783216784,130.90909090909088,True,217.76666666666668,156.35,138.40833333333333,True,100.0,100.0
28/10/2023 16:11:47,../../dataset/valid/N230601432.JPG,164.8881118881119,106.10489510489512,82.62937062937064,True,186.1833333333333,116.01666666666667,87.59999999999998,True,100.0,100.0
28/10/2023 16:11:47,../../dataset/valid/N230101669.JPG,176.3006993006993,138.37062937062936,125.75524475524475,True,213.5833333333333,173.43333333333337,161.38333333333333,True,100.0,100.0
28/10/2023 16:11:47,../../dataset/valid/N230101899.JPG,177.79020979020981,129.83916083916083,114.54545454545456,True,198.29999999999998,142.70000000000002,126.31666666666668,True,100.0,100.0
28/10/2023 16:11:47,../../dataset/valid/N230601368.JPG,166.41958041958043,124.93706293706295,115.65034965034965,True,219.04999999999998,163.75,137.9666666666667,True,100.0,100.0
28/10/2023 16:11:47,../../dataset/valid/N231601055.JPG,109.28671328671331,70.72027972027972,48.811188811188806,True,185.23333333333335,139.91666666666669,112.16666666666667,True,100.0,100.0
28/10/2023 16:11:47,../../dataset/valid/N230101696.JPG,193.13986013986016,129.0979020979021,124.09090909090908,True,214.21666666666667,151.21666666666667,146.21666666666667,True,100.0,100.0
28/10/2023 16:11:47,../../dataset/valid/N230601630.JPG,192.39860139860141,127.74825174825173,115.38461538461539,True,219.125,153.39166666666668,139.37500000000003,True,100.0,100.0
28/10/2023 16:11:47,../../dataset/valid/N230501688.JPG,225.72727272727272,177.35664335664336,184.23076923076923,True,228.2833333333334,169.75,165.59166666666667,True,100.0,100.0
28/10/2023 16:11:47,../../dataset/valid/N231701531.JPG,182.25874125874128,118.34265734265735,80.65034965034965,True,215.0,151.29999999999998,107.33333333333333,True,100.0,100.0
28/10/2023 16:11:47,../../dataset/valid/N239001148.JPG,173.8181818181818,130.30769230769232,111.46853146853147,True,185.975,129.92499999999998,105.73333333333333,True,100.0,100.0
28/10/2023 16:11:47,../../dataset/valid/N230201404.JPG,196.25174825174827,139.86713286713285,132.54545454545453,True,219.45833333333334,155.37500000000003,136.13333333333335,True,100.0,100.0
28/10/2023 16:11:47,../../dataset/valid/N230201439.JPG,213.89510489510488,164.55944055944053,149.76923076923077,True,245.63333333333335,188.51666666666665,174.85833333333332,True,100.0,100.0
28/10/2023 16:11:47,../../dataset/valid/N230201405.JPG,215.1118881118881,150.15384615384613,111.33566433566436,True,180.26666666666665,131.62499999999997,109.39166666666667,True,100.0,100.0
28/10/2023 16:11:47,../../dataset/valid/N231701524.JPG,191.1118881118881,142.71328671328672,129.2097902097902,True,203.6583333333333,150.65833333333333,134.65833333333333,True,100.0,100.0
28/10/2023 16:11:47,../../dataset/valid/N238100624.JPG,156.65734265734267,105.86013986013987,85.88811188811191,True,198.64166666666665,143.14166666666668,119.8916666666667,True,100.0,100.0
28/10/2023 16:11:47,../../dataset/valid/N230101683.JPG,183.53146853146856,126.44755244755244,101.96503496503497,True,210.32499999999996,154.00833333333335,122.89999999999999,True,100.0,100.0
28/10/2023 16:11:47,../../dataset/valid/N231501013.JPG,210.57342657342662,140.9020979020979,107.65734265734267,True,236.42499999999998,168.04166666666666,134.975,True,100.0,100.0
28/10/2023 16:11:47,../../dataset/valid/N231501007.JPG,154.2237762237762,89.9230769230769,66.78321678321679,True,190.01666666666668,118.51666666666667,91.33333333333333,True,100.0,100.0
28/10/2023 16:11:47,../../dataset/valid/N231701726.JPG,213.25174825174824,165.02797202797203,122.27272727272727,True,231.05833333333337,186.0666666666667,144.20000000000002,True,100.0,100.0
28/10/2023 16:11:47,../../dataset/valid/N230601427.JPG,179.94405594405592,135.59440559440557,121.11188811188813,True,201.04166666666666,134.04166666666669,107.45833333333333,True,100.0,100.0
28/10/2023 16:11:47,../../dataset/valid/N230501500.JPG,175.2937062937063,142.04895104895107,101.3986013986014,True,196.43333333333337,154.11666666666667,112.45833333333331,True,100.0,100.0
28/10/2023 16:11:47,../../dataset/valid/N230501528.JPG,169.4755244755245,121.13286713286712,99.35664335664339,True,207.25833333333333,147.25833333333335,120.8916666666667,True,100.0,100.0
28/10/2023 16:11:47,../../dataset/valid/N230301767.JPG,155.1958041958042,106.44755244755244,100.33566433566433,True,180.475,132.50000000000003,128.45000000000002,True,100.0,100.0
28/10/2023 16:11:47,../../dataset/valid/N231701652.JPG,234.49650349650352,179.10489510489512,156.60139860139859,True,240.23333333333335,179.20833333333334,151.28333333333333,True,100.0,100.0
28/10/2023 16:11:47,../../dataset/valid/N231401198.JPG,206.5244755244755,170.19580419580421,182.08391608391608,True,220.41666666666666,187.3416666666667,198.43333333333337,True,100.0,100.0
28/10/2023 16:11:47,../../dataset/valid/N230701209.JPG,114.37762237762239,95.87412587412587,99.6223776223776,True,168.84166666666667,122.14166666666667,112.10833333333335,True,100.0,100.0
28/10/2023 16:11:47,../../dataset/valid/N239001203.JPG,183.5594405594406,125.25874125874125,124.13286713286715,True,212.775,146.00833333333335,138.10833333333332,True,100.0,100.0
28/10/2023 16:11:47,../../dataset/valid/N230501716.JPG,167.06293706293704,129.05594405594408,115.4965034965035,True,186.39166666666665,147.71666666666667,133.35833333333332,True,100.0,100.0
28/10/2023 16:11:48,../../dataset/valid/N231600941.JPG,151.1888111888112,101.3986013986014,87.34965034965035,True,180.17499999999998,124.83333333333333,103.95,True,100.0,100.0
28/10/2023 16:11:48,../../dataset/valid/N231301102.JPG,30.216783216783217,25.664335664335663,24.370629370629374,True,23.21666666666667,24.633333333333336,25.349999999999994,True,100.0,100.0
28/10/2023 16:11:48,../../dataset/valid/N230201565.JPG,171.37762237762237,130.83216783216784,119.2027972027972,True,228.86666666666665,167.28333333333333,146.31666666666666,True,100.0,100.0
28/10/2023 16:11:48,../../dataset/valid/N231600982.JPG,187.93706293706296,129.66433566433568,88.06993006993008,True,225.32500000000002,161.87500000000003,111.05000000000001,True,100.0,100.0
28/10/2023 16:11:48,../../dataset/valid/N231600996.JPG,198.9440559440559,150.81818181818184,109.14685314685315,True,198.71666666666667,149.71666666666667,106.71666666666664,True,100.0,100.0
28/10/2023 16:11:48,../../dataset/valid/N231701444.JPG,198.8251748251748,162.78321678321677,137.70629370629374,True,205.85833333333332,162.90833333333333,132.79166666666666,True,100.0,100.0
28/10/2023 16:11:48,../../dataset/valid/N239001015.JPG,117.6153846153846,92.62237762237761,85.79020979020979,True,211.29166666666666,151.41666666666669,123.37500000000001,True,100.0,100.0
28/10/2023 16:11:48,../../dataset/valid/N239001017.JPG,247.98601398601397,170.93706293706293,130.7062937062937,True,250.31666666666663,167.44166666666666,123.39166666666667,True,100.0,100.0
28/10/2023 16:11:48,../../dataset/valid/N230201598.JPG,203.1258741258741,167.93006993006992,140.35664335664336,True,213.38333333333333,188.56666666666663,164.01666666666668,True,100.0,100.0
28/10/2023 16:11:48,../../dataset/valid/N237100672.JPG,201.60839160839166,115.42657342657341,97.3986013986014,True,226.06666666666663,174.4,171.9666666666667,True,100.0,100.0
28/10/2023 16:11:48,../../dataset/valid/N231200791.JPG,155.6083916083916,113.69230769230772,82.34965034965035,True,173.50833333333333,133.50833333333335,97.50833333333333,True,100.0,100.0
28/10/2023 16:11:48,../../dataset/valid/N230601545.JPG,114.71328671328673,99.986013986014,100.30069930069932,True,163.91666666666666,137.66666666666666,134.23333333333332,True,100.0,100.0
28/10/2023 16:11:48,../../dataset/valid/N231200975.JPG,149.34265734265733,94.43356643356643,77.15384615384616,True,180.49166666666665,130.74999999999997,114.00833333333334,True,100.0,100.0
28/10/2023 16:11:48,../../dataset/valid/N230501516.JPG,206.08391608391608,163.05594405594408,131.97902097902096,True,217.93333333333337,173.93333333333337,146.93333333333337,True,100.0,100.0
28/10/2023 16:11:48,../../dataset/valid/N231200801.JPG,158.47552447552445,110.5944055944056,92.58741258741257,True,180.975,121.02500000000002,95.40833333333335,True,100.0,100.0
28/10/2023 16:11:48,../../dataset/valid/N230601380.JPG,166.05594405594405,109.63636363636364,90.27972027972027,True,196.11666666666667,124.15833333333335,98.85833333333335,True,100.0,100.0
28/10/2023 16:11:48,../../dataset/valid/N231501011.JPG,155.6713286713287,106.01398601398604,84.51748251748253,True,217.1,156.075,128.15,True,100.0,100.0
28/10/2023 16:11:48,../../dataset/valid/N230301639.JPG,98.96503496503496,76.9020979020979,71.0,True,49.89166666666666,46.35,44.9,True,100.0,100.0
28/10/2023 16:11:48,../../dataset/valid/N231704338.JPG,146.006993006993,99.6993006993007,73.32867132867133,True,237.71666666666667,170.74166666666667,141.66666666666666,True,100.0,100.0
28/10/2023 16:11:48,../../dataset/valid/N230201407.JPG,191.90209790209792,137.4125874125874,134.40559440559443,True,226.3166666666667,157.725,143.1,True,100.0,100.0
28/10/2023 16:11:48,../../dataset/valid/N230201604.JPG,212.23776223776215,162.2797202797203,140.7342657342657,True,218.48333333333335,160.98333333333335,131.89166666666668,True,100.0,100.0
28/10/2023 16:11:48,../../dataset/valid/N238100592.JPG,183.7272727272727,144.87412587412584,138.17482517482517,True,209.85833333333332,162.9,146.82500000000002,True,100.0,100.0
28/10/2023 16:11:48,../../dataset/valid/N230601587.JPG,29.083916083916076,27.069930069930074,32.39160839160839,True,48.76666666666667,37.61666666666667,44.03333333333333,True,100.0,100.0
28/10/2023 16:11:48,../../dataset/valid/N230301770.JPG,175.33566433566435,120.04195804195804,101.27272727272727,True,187.92499999999998,126.07499999999999,102.03333333333335,True,100.0,100.0
28/10/2023 16:11:48,../../dataset/valid/N239001214.JPG,163.79020979020976,90.34965034965035,64.1048951048951,True,177.83333333333337,106.32499999999999,76.93333333333334,True,100.0,100.0
28/10/2023 16:11:48,../../dataset/valid/N238100551.JPG,196.04195804195803,120.0839160839161,70.25174825174825,True,225.99999999999997,144.0,88.0,True,100.0,100.0
28/10/2023 16:11:48,../../dataset/valid/N239001016.JPG,192.5734265734266,145.58041958041957,122.94405594405595,True,206.11666666666667,154.50833333333333,137.50833333333333,True,100.0,100.0
28/10/2023 16:11:48,../../dataset/valid/N231701443.JPG,209.54545454545453,154.83216783216784,109.62237762237766,True,247.15,183.17499999999998,141.61666666666665,True,100.0,100.0
28/10/2023 16:11:48,../../dataset/valid/N239001012.JPG,211.63636363636365,155.53846153846155,138.2027972027972,True,215.6833333333333,153.18333333333334,126.74166666666666,True,100.0,100.0
28/10/2023 16:11:48,../../dataset/valid/N231707783.JPG,166.55244755244757,128.58041958041957,117.28671328671327,True,193.15833333333333,147.56666666666666,130.34166666666667,True,100.0,100.0
28/10/2023 16:11:49,../../dataset/valid/N231301105.JPG,194.61538461538458,138.5734265734266,105.37062937062936,True,210.60000000000002,147.825,115.86666666666667,True,100.0,100.0
28/10/2023 16:11:49,../../dataset/valid/N237100677.JPG,214.56643356643357,158.06993006993008,134.83916083916085,True,251.5916666666667,184.13333333333333,154.06666666666666,True,100.0,100.0
28/10/2023 16:11:49,../../dataset/valid/N230601568.JPG,112.89510489510488,74.38461538461539,55.426573426573434,True,119.44166666666668,64.78333333333335,45.175000000000004,True,100.0,100.0
28/10/2023 16:11:49,../../dataset/valid/N238100555.JPG,194.53146853146853,134.41958041958043,108.55944055944057,True,207.10833333333335,159.61666666666667,137.475,True,100.0,100.0
28/10/2023 16:11:49,../../dataset/valid/N230501513.JPG,180.3986013986014,125.76223776223775,114.88111888111888,True,212.86666666666667,152.83333333333331,137.93333333333337,True,100.0,100.0
28/10/2023 16:11:49,../../dataset/valid/N230301748.JPG,188.27272727272728,136.0979020979021,115.32867132867133,True,212.90833333333333,157.90833333333333,136.99166666666667,True,100.0,100.0
28/10/2023 16:11:49,../../dataset/valid/N237000313.JPG,196.1048951048951,144.5034965034965,127.65034965034965,True,223.18333333333337,163.23333333333335,142.88333333333335,True,100.0,100.0
28/10/2023 16:11:49,../../dataset/valid/N230601583.JPG,204.53846153846158,137.43356643356645,108.5874125874126,True,228.81666666666663,155.84166666666667,122.84166666666668,True,100.0,100.0
28/10/2023 16:11:49,../../dataset/valid/N230501473.JPG,86.62937062937065,59.04195804195804,47.16083916083916,True,100.32499999999999,69.86666666666666,53.31666666666666,True,100.0,100.0
28/10/2023 16:11:49,../../dataset/valid/N230601385.JPG,201.39860139860141,133.76923076923077,94.45454545454547,True,221.64166666666668,154.68333333333334,119.18333333333334,True,100.0,100.0
28/10/2023 16:11:49,../../dataset/valid/N231100857.JPG,174.53146853146853,106.88111888111887,86.73426573426573,True,219.04999999999998,143.25833333333335,124.89999999999998,True,100.0,100.0
28/10/2023 16:11:49,../../dataset/valid/N237000273.JPG,188.53846153846155,133.62237762237763,112.81118881118883,True,201.04166666666666,147.3083333333333,123.72499999999998,True,100.0,100.0
28/10/2023 16:11:49,../../dataset/valid/N238000179.JPG,164.57342657342662,116.64335664335664,92.13986013986013,True,169.01666666666668,118.89999999999999,92.13333333333333,True,100.0,100.0
28/10/2023 16:11:49,../../dataset/valid/N231301059.JPG,137.13986013986013,72.3916083916084,63.51048951048952,True,149.45000000000002,68.23333333333333,51.349999999999994,True,100.0,100.0
28/10/2023 16:11:49,../../dataset/valid/N231301058.JPG,185.55244755244757,131.7062937062937,106.46153846153844,True,252.2916666666667,172.54166666666663,126.74166666666666,True,100.0,100.0
28/10/2023 16:11:49,../../dataset/valid/N239001198.JPG,43.74825174825175,39.32167832167832,47.95104895104895,True,169.85833333333332,127.35000000000002,122.00833333333334,True,100.0,100.0
28/10/2023 16:11:49,../../dataset/valid/N236000371.JPG,207.56643356643357,170.1258741258741,149.32867132867133,True,207.10833333333335,163.275,135.425,True,100.0,100.0
28/10/2023 16:11:49,../../dataset/valid/N230601390.JPG,231.09090909090912,164.7342657342657,134.36363636363635,True,251.38333333333333,191.50000000000003,158.9166666666667,True,100.0,100.0
28/10/2023 16:11:49,../../dataset/valid/N231501029.JPG,144.8741258741259,100.45454545454544,82.57342657342657,True,192.4083333333333,136.40833333333333,112.24166666666667,True,100.0,100.0
28/10/2023 16:11:49,../../dataset/valid/N230101691.JPG,203.4685314685315,152.8181818181818,146.0979020979021,True,201.99999999999997,150.425,138.04166666666666,True,100.0,100.0
28/10/2023 16:11:49,../../dataset/valid/N230601353.JPG,193.85314685314688,140.60839160839166,126.23076923076921,True,211.22500000000002,154.10833333333332,138.275,True,100.0,100.0
28/10/2023 16:11:49,../../dataset/valid/N230301826.JPG,191.06293706293704,128.04895104895104,102.4965034965035,True,231.31666666666663,163.95833333333331,138.91666666666666,True,100.0,100.0
28/10/2023 16:11:49,../../dataset/valid/N231601052.JPG,167.74825174825173,133.4405594405594,110.74825174825173,True,177.375,144.60833333333335,120.48333333333335,True,100.0,100.0
28/10/2023 16:11:49,../../dataset/valid/N231703080.JPG,184.64335664335664,115.64335664335664,81.86713286713288,True,203.27499999999998,139.41666666666666,111.85000000000002,True,100.0,100.0
28/10/2023 16:11:49,../../dataset/valid/N238100554.JPG,217.62237762237766,132.02797202797203,107.90209790209792,True,229.19166666666663,140.95833333333334,113.29166666666667,True,100.0,100.0
28/10/2023 16:11:49,../../dataset/valid/N230701233.JPG,193.1748251748252,129.2097902097902,94.13986013986015,True,203.76666666666668,128.58333333333334,95.30000000000001,True,100.0,100.0
28/10/2023 16:11:49,../../dataset/valid/N231300959.JPG,183.58741258741262,136.47552447552448,141.34965034965037,True,202.36666666666667,145.79166666666666,151.975,True,100.0,100.0
28/10/2023 16:11:49,../../dataset/valid/N230101726.JPG,182.19580419580416,109.82517482517481,92.20979020979021,True,209.22500000000002,129.48333333333335,111.51666666666667,True,100.0,100.0
28/10/2023 16:11:49,../../dataset/valid/N231701495.JPG,193.66433566433565,138.5944055944056,130.65734265734264,True,214.89166666666668,159.6,147.08333333333334,True,100.0,100.0
28/10/2023 16:11:49,../../dataset/valid/N230102011.JPG,236.2797202797203,150.04895104895104,110.75524475524475,True,250.89166666666668,159.1916666666667,124.6416666666667,True,100.0,100.0
28/10/2023 16:11:50,../../dataset/valid/N231600984.JPG,209.5174825174825,128.67132867132867,105.0769230769231,True,231.475,153.88333333333335,130.225,True,100.0,100.0
28/10/2023 16:11:50,../../dataset/valid/N230102007.JPG,180.24475524475523,133.47552447552448,134.88111888111888,True,224.85,163.15,162.69166666666666,True,100.0,100.0
28/10/2023 16:11:50,../../dataset/valid/N230201561.JPG,145.6153846153846,106.17482517482517,93.93706293706292,True,186.9,147.01666666666668,135.13333333333335,True,100.0,100.0
28/10/2023 16:11:50,../../dataset/valid/N239001213.JPG,204.5314685314685,159.16083916083915,146.73426573426576,True,217.66666666666666,176.05000000000004,164.44166666666666,True,100.0,100.0
28/10/2023 16:11:50,../../dataset/valid/N231601044.JPG,162.72727272727272,102.20979020979021,73.4895104895105,True,197.275,141.61666666666665,114.54166666666664,True,100.0,100.0
28/10/2023 16:11:50,../../dataset/valid/N230101888.JPG,184.3706293706294,143.2097902097902,153.91608391608392,True,157.51666666666668,114.53333333333335,121.52500000000002,True,100.0,100.0
28/10/2023 16:11:50,../../dataset/valid/N230601437.JPG,232.4545454545455,157.1748251748252,110.55244755244755,True,237.45833333333334,166.425,108.375,True,100.0,100.0
28/10/2023 16:11:50,../../dataset/valid/N230701437.JPG,186.3986013986014,118.64335664335661,79.11888111888112,True,227.96666666666667,145.88333333333333,96.05000000000001,True,100.0,100.0
28/10/2023 16:11:50,../../dataset/valid/N230601609.JPG,207.37762237762237,152.7832167832168,138.55944055944056,True,226.13333333333333,161.14166666666668,132.07500000000002,True,100.0,100.0
28/10/2023 16:11:50,../../dataset/valid/N239001165.JPG,130.3706293706294,99.38461538461539,96.53146853146852,True,186.35,138.31666666666666,123.04999999999997,True,100.0,100.0
28/10/2023 16:11:50,../../dataset/valid/N230601621.JPG,177.17482517482514,119.006993006993,96.96503496503497,True,196.04166666666663,135.90833333333333,103.24166666666666,True,100.0,100.0
28/10/2023 16:11:50,../../dataset/valid/N230501666.JPG,141.16083916083917,96.79020979020979,81.76923076923077,True,213.37500000000003,166.40833333333333,153.89166666666668,True,100.0,100.0
28/10/2023 16:11:50,../../dataset/valid/N230201428.JPG,114.86013986013985,87.01398601398601,86.65734265734264,True,69.39166666666667,66.06666666666666,71.63333333333333,True,100.0,100.0
28/10/2023 16:11:50,../../dataset/valid/N239001170.JPG,142.5034965034965,105.74825174825175,95.53146853146852,True,209.4333333333333,153.99999999999997,136.65,True,100.0,100.0
28/10/2023 16:11:50,../../dataset/valid/N230601608.JPG,230.98601398601397,157.07692307692307,114.43356643356644,True,251.3833333333333,174.99166666666667,121.60833333333333,True,100.0,100.0
28/10/2023 16:11:50,../../dataset/valid/N230701387.JPG,187.62237762237766,129.0,102.03496503496505,True,181.125,116.44166666666666,83.50833333333334,True,100.0,100.0
28/10/2023 16:11:50,../../dataset/valid/N230601393.JPG,172.83216783216784,115.54545454545456,101.3216783216783,True,195.3333333333333,137.99166666666665,124.7333333333333,True,100.0,100.0
28/10/2023 16:11:50,../../dataset/valid/N231601086.JPG,101.11188811188812,85.85314685314685,82.35664335664336,True,205.65833333333333,161.475,142.48333333333335,True,100.0,100.0
28/10/2023 16:11:50,../../dataset/valid/N231100869.JPG,205.20979020979024,130.2797202797203,120.11888111888112,True,222.80833333333337,154.225,145.1,True,100.0,100.0
28/10/2023 16:11:50,../../dataset/valid/N231100882.JPG,151.39860139860141,95.74825174825175,80.7062937062937,True,192.275,138.58333333333334,118.58333333333333,True,100.0,100.0
28/10/2023 16:11:50,../../dataset/valid/N230601436.JPG,57.67832167832167,38.92307692307693,34.349650349650354,True,142.64999999999998,97.41666666666667,80.89999999999999,True,100.0,100.0
28/10/2023 16:11:50,../../dataset/valid/N231100896.JPG,107.08391608391608,58.37762237762239,37.25174825174825,True,128.25,70.10000000000001,43.833333333333336,True,100.0,100.0
28/10/2023 16:11:50,../../dataset/valid/N231601079.JPG,46.46153846153845,36.54545454545455,30.986013986013987,True,121.675,81.98333333333333,52.883333333333326,True,100.0,100.0
28/10/2023 16:11:50,../../dataset/valid/N231401176.JPG,190.66433566433565,130.86713286713288,118.2027972027972,True,207.82500000000002,139.69166666666666,122.04166666666667,True,100.0,100.0
28/10/2023 16:11:50,../../dataset/valid/N237000311.JPG,168.47552447552445,113.0,100.01398601398601,True,163.64166666666668,101.81666666666668,88.75833333333333,True,100.0,100.0
28/10/2023 16:11:50,../../dataset/valid/N230301762.JPG,83.16083916083916,51.7902097902098,49.25174825174824,True,140.14999999999998,94.19999999999999,94.20833333333333,True,100.0,100.0
28/10/2023 16:11:50,../../dataset/valid/N230501511.JPG,170.13986013986016,112.20279720279721,84.9090909090909,True,219.95000000000002,159.00833333333335,134.9,True,100.0,100.0
28/10/2023 16:11:50,../../dataset/valid/N230101719.JPG,88.05594405594405,58.41258741258741,46.04895104895105,True,184.7166666666666,133.38333333333333,91.41666666666667,True,100.0,100.0
28/10/2023 16:11:50,../../dataset/valid/N239001206.JPG,155.44755244755245,122.38461538461539,128.27972027972027,True,185.26666666666665,154.73333333333335,160.83333333333334,True,100.0,100.0
28/10/2023 16:11:50,../../dataset/valid/N230601542.JPG,183.4405594405594,129.44755244755245,96.65734265734267,True,206.29999999999998,158.74166666666667,132.975,True,100.0,100.0
28/10/2023 16:11:51,../../dataset/valid/N231200966.JPG,43.65734265734265,31.72727272727273,23.07692307692308,True,200.1166666666667,134.20000000000002,83.55833333333334,True,100.0,100.0
28/10/2023 16:11:51,../../dataset/valid/N230102012.JPG,205.76923076923075,128.46153846153848,88.16783216783216,True,233.97500000000002,155.91666666666666,118.73333333333333,True,100.0,100.0
28/10/2023 16:11:51,../../dataset/valid/N231100985.JPG,68.58741258741259,46.95804195804196,37.412587412587406,True,183.80000000000004,129.55833333333334,95.25,True,100.0,100.0
28/10/2023 16:11:51,../../dataset/valid/N230701243.JPG,30.839160839160847,29.132867132867133,27.0,True,135.79166666666666,94.50833333333333,71.98333333333333,True,100.0,100.0
28/10/2023 16:11:51,../../dataset/valid/N231200901.JPG,215.53846153846155,173.37062937062936,154.7972027972028,True,228.59166666666667,185.49166666666667,166.475,True,100.0,100.0
28/10/2023 16:11:51,../../dataset/valid/N231300915.JPG,214.00699300699296,160.60839160839163,141.14685314685312,True,217.79166666666666,158.41666666666666,143.71666666666667,True,100.0,100.0
28/10/2023 16:11:51,../../dataset/valid/N231300901.JPG,27.468531468531467,22.790209790209794,22.328671328671327,True,43.00833333333333,40.525,40.916666666666664,True,100.0,100.0
28/10/2023 16:11:51,../../dataset/valid/N230701280.JPG,174.5034965034965,145.32867132867133,130.9160839160839,True,193.0583333333333,153.62500000000003,136.3,True,100.0,100.0
28/10/2023 16:11:51,../../dataset/valid/N230101959.JPG,196.03496503496504,116.12587412587413,95.0909090909091,True,219.10833333333335,123.35833333333333,93.94166666666668,True,100.0,100.0
28/10/2023 16:11:51,../../dataset/valid/N230601445.JPG,162.83916083916085,110.84615384615384,104.05594405594404,True,204.97500000000002,157.05833333333334,148.225,True,100.0,100.0
28/10/2023 16:11:51,../../dataset/valid/N230501370.JPG,196.87412587412584,128.30769230769232,97.80419580419583,True,244.25,175.25833333333333,146.39166666666665,True,100.0,100.0
28/10/2023 16:11:51,../../dataset/valid/N230301659.JPG,142.13986013986016,86.89510489510491,65.42657342657343,True,210.0583333333333,147.86666666666667,115.46666666666665,True,100.0,100.0
28/10/2023 16:11:51,../../dataset/valid/N230501402.JPG,70.32867132867133,62.74125874125874,68.3146853146853,True,56.775000000000006,54.458333333333336,63.23333333333333,True,100.0,100.0
28/10/2023 16:11:51,../../dataset/valid/N238100646.JPG,171.83216783216784,124.86713286713288,104.4965034965035,True,188.4333333333333,128.01666666666665,100.01666666666667,True,100.0,100.0
28/10/2023 16:11:51,../../dataset/valid/N236100467.JPG,178.8881118881119,131.06993006993008,116.18881118881119,True,209.74166666666665,164.67499999999998,170.15,True,100.0,100.0
28/10/2023 16:11:51,../../dataset/valid/N236000315.JPG,199.993006993007,129.5104895104895,100.39160839160837,True,239.99166666666667,177.1666666666667,150.91666666666666,True,100.0,100.0
28/10/2023 16:11:51,../../dataset/valid/N236000328.JPG,139.93706293706293,107.11188811188812,93.66433566433567,True,152.06666666666663,116.53333333333332,102.18333333333334,True,100.0,100.0
28/10/2023 16:11:51,../../dataset/valid/N236100499.JPG,249.05594405594405,199.43356643356645,167.3146853146853,True,249.28333333333333,190.5916666666667,150.775,True,100.0,100.0
28/10/2023 16:11:51,../../dataset/valid/N230501403.JPG,185.21678321678323,128.6783216783217,115.65034965034964,True,219.75833333333335,169.60833333333332,160.475,True,100.0,100.0
28/10/2023 16:11:51,../../dataset/valid/N230201658.JPG,205.02797202797203,136.44055944055947,115.56643356643355,True,241.125,169.125,144.78333333333333,True,100.0,100.0
28/10/2023 16:11:51,../../dataset/valid/N230201664.JPG,243.81118881118877,185.91608391608392,149.8181818181818,True,244.57499999999993,171.54166666666663,129.60833333333332,True,100.0,100.0
28/10/2023 16:11:51,../../dataset/valid/N231501064.JPG,160.34965034965037,97.60139860139861,86.0769230769231,True,164.70000000000002,86.11666666666667,67.86666666666666,True,100.0,100.0
28/10/2023 16:11:51,../../dataset/valid/N231300860.JPG,176.09790209790208,125.53146853146856,102.27272727272727,True,238.69999999999996,175.23333333333335,145.46666666666667,True,100.0,100.0
28/10/2023 16:11:51,../../dataset/valid/N230101780.JPG,182.25174825174824,125.59440559440556,106.23776223776223,True,206.88333333333333,152.56666666666666,129.58333333333334,True,100.0,100.0
28/10/2023 16:11:51,../../dataset/valid/N230101743.JPG,211.24475524475523,155.32167832167832,132.18181818181822,True,233.39166666666665,167.73333333333335,144.0583333333333,True,100.0,100.0
28/10/2023 16:11:51,../../dataset/valid/N231200914.JPG,160.6853146853147,109.34265734265735,99.37062937062939,True,185.46666666666667,138.49166666666667,129.25,True,100.0,100.0
28/10/2023 16:11:51,../../dataset/valid/N230101757.JPG,175.75524475524475,113.51748251748252,112.79720279720277,True,191.65833333333333,127.12499999999999,115.75833333333333,True,100.0,100.0
28/10/2023 16:11:51,../../dataset/valid/N231600922.JPG,192.3006993006993,139.84615384615384,117.04195804195803,True,200.82499999999996,129.66666666666669,94.58333333333333,True,100.0,100.0
28/10/2023 16:11:51,../../dataset/valid/N236100506.JPG,142.5734265734266,100.34965034965035,100.00699300699301,True,172.25833333333333,131.26666666666668,126.67500000000001,True,100.0,100.0
28/10/2023 16:11:52,../../dataset/valid/N231701433.JPG,194.24475524475523,123.86713286713287,98.62937062937061,True,216.98333333333332,145.98333333333335,113.98333333333335,True,100.0,100.0
28/10/2023 16:11:52,../../dataset/valid/N231500959.JPG,143.27272727272728,95.42657342657344,85.44055944055944,True,168.70000000000002,120.12500000000001,106.09166666666668,True,100.0,100.0
28/10/2023 16:11:52,../../dataset/valid/N239001060.JPG,171.36363636363643,116.34965034965035,109.83216783216783,True,209.9666666666667,153.65,146.73333333333332,True,100.0,100.0
28/10/2023 16:11:52,../../dataset/valid/N236100538.JPG,161.90909090909088,132.5944055944056,117.020979020979,True,205.93333333333337,169.81666666666666,148.3,True,100.0,100.0
28/10/2023 16:11:52,../../dataset/valid/N230601526.JPG,192.67832167832168,140.1188811188811,118.48251748251747,True,208.78333333333333,152.78333333333333,129.78333333333333,True,100.0,100.0
28/10/2023 16:11:52,../../dataset/valid/N230301921.JPG,12.223776223776225,13.174825174825177,17.83916083916084,True,20.558333333333334,17.808333333333334,19.76666666666667,True,100.0,100.0
28/10/2023 16:11:52,../../dataset/valid/N231701627.JPG,200.33566433566435,134.0839160839161,95.10489510489512,True,228.83333333333337,152.83333333333334,118.83333333333333,True,100.0,100.0
28/10/2023 16:11:52,../../dataset/valid/N230701283.JPG,173.25174825174824,109.22377622377623,82.4055944055944,True,202.22500000000002,135.24166666666665,107.05000000000001,True,100.0,100.0
28/10/2023 16:11:52,../../dataset/valid/N230101972.JPG,145.93706293706296,108.4895104895105,93.7132867132867,True,200.61666666666667,146.925,124.34166666666668,True,100.0,100.0
28/10/2023 16:11:52,../../dataset/valid/N231501112.JPG,177.03496503496504,111.27272727272727,119.92307692307692,True,223.54166666666666,150.76666666666668,157.90833333333336,True,100.0,100.0
28/10/2023 16:11:52,../../dataset/valid/N231100979.JPG,179.8111888111888,126.10489510489514,99.43356643356645,True,203.70833333333334,137.30833333333337,97.72500000000001,True,100.0,100.0
28/10/2023 16:11:52,../../dataset/valid/N230701334.JPG,164.51048951048955,107.2167832167832,94.91608391608392,True,175.20833333333334,107.22499999999998,88.22500000000001,True,100.0,100.0
28/10/2023 16:11:52,../../dataset/valid/N230301869.JPG,205.29370629370626,142.36363636363637,121.28671328671327,True,245.6666666666667,175.9166666666667,156.58333333333334,True,100.0,100.0
28/10/2023 16:11:52,../../dataset/valid/N231200862.JPG,157.93706293706293,99.55944055944056,93.81118881118881,True,188.96666666666667,122.35833333333335,112.10833333333335,True,100.0,100.0
28/10/2023 16:11:52,../../dataset/valid/N231300862.JPG,102.53146853146852,62.657342657342646,48.874125874125866,True,181.82500000000002,118.36666666666667,87.85833333333333,True,100.0,100.0
28/10/2023 16:11:52,../../dataset/valid/N230201672.JPG,132.96503496503496,79.54545454545453,67.74125874125875,True,35.883333333333326,26.09166666666667,25.974999999999998,True,100.0,100.0
28/10/2023 16:11:52,../../dataset/valid/N230501429.JPG,215.86013986013984,165.006993006993,148.34965034965032,True,213.14166666666668,142.925,102.08333333333333,True,100.0,100.0
28/10/2023 16:11:52,../../dataset/valid/N231501066.JPG,175.6713286713287,125.76923076923079,88.85314685314685,True,228.0,164.67499999999998,114.81666666666666,True,100.0,100.0
28/10/2023 16:11:52,../../dataset/valid/N230601491.JPG,118.13286713286715,81.7202797202797,68.6083916083916,True,198.25,157.99166666666667,139.03333333333333,True,100.0,100.0
28/10/2023 16:11:52,../../dataset/valid/N238100651.JPG,178.03496503496504,107.13286713286713,72.51748251748252,True,229.14166666666665,177.75833333333333,153.44999999999996,True,100.0,100.0
28/10/2023 16:11:52,../../dataset/valid/N239001100.JPG,241.46853146853144,146.96503496503496,100.72027972027975,True,250.95000000000002,171.71666666666667,122.05833333333334,True,100.0,100.0
28/10/2023 16:11:52,../../dataset/valid/N231701551.JPG,77.6083916083916,56.39160839160839,55.22377622377621,True,176.79999999999998,109.08333333333333,81.69166666666666,True,100.0,100.0
28/10/2023 16:11:52,../../dataset/valid/N231401264.JPG,177.07692307692304,161.6293706293706,146.68531468531467,True,199.28333333333333,164.26666666666665,126.26666666666667,True,100.0,100.0
28/10/2023 16:11:52,../../dataset/valid/N230601693.JPG,178.6293706293706,128.06993006993005,114.14685314685315,True,195.04166666666666,144.4,132.82500000000002,True,100.0,100.0
28/10/2023 16:11:52,../../dataset/valid/N230201464.JPG,188.62237762237763,135.26573426573427,97.18181818181817,True,218.18333333333328,167.25833333333335,126.01666666666667,True,100.0,100.0
28/10/2023 16:11:52,../../dataset/valid/N231301002.JPG,217.74825174825173,148.83216783216784,114.32867132867135,True,230.1333333333333,161.98333333333332,116.93333333333335,True,100.0,100.0
28/10/2023 16:11:52,../../dataset/valid/N230201459.JPG,217.76223776223773,152.72727272727272,128.64335664335664,True,241.875,171.61666666666665,145.53333333333333,True,100.0,100.0
28/10/2023 16:11:52,../../dataset/valid/N231301016.JPG,171.55244755244757,113.78321678321677,100.46853146853147,True,239.1333333333334,172.24166666666667,145.28333333333333,True,100.0,100.0
28/10/2023 16:11:52,../../dataset/valid/N238100650.JPG,194.90909090909088,146.69230769230768,115.013986013986,True,181.50833333333335,129.45,103.64166666666667,True,100.0,100.0
28/10/2023 16:11:53,../../dataset/valid/N230501400.JPG,117.13286713286715,63.90209790209789,48.88111888111889,True,166.8,77.45833333333333,47.25833333333333,True,100.0,100.0
28/10/2023 16:11:53,../../dataset/valid/N230601490.JPG,167.95804195804197,124.42657342657344,117.81118881118883,True,237.39166666666665,191.0333333333334,182.73333333333335,True,100.0,100.0
28/10/2023 16:11:53,../../dataset/valid/N231501073.JPG,156.5034965034965,97.42657342657344,73.04195804195805,True,191.475,131.475,107.47500000000001,True,100.0,100.0
28/10/2023 16:11:53,../../dataset/valid/N230701309.JPG,165.34965034965035,103.88811188811187,81.7972027972028,True,215.00833333333333,145.725,118.575,True,100.0,100.0
28/10/2023 16:11:53,../../dataset/valid/N230601447.JPG,243.8811188811189,182.72727272727272,161.58041958041957,True,241.30833333333337,170.69166666666663,147.1,True,100.0,100.0
28/10/2023 16:11:53,../../dataset/valid/N230701282.JPG,187.4195804195804,133.2097902097902,111.56643356643356,True,188.95833333333334,128.31666666666666,103.825,True,100.0,100.0
28/10/2023 16:11:53,../../dataset/valid/N230701255.JPG,228.04895104895104,158.11888111888112,119.32867132867135,True,204.82499999999996,128.98333333333332,94.48333333333333,True,100.0,100.0
28/10/2023 16:11:53,../../dataset/valid/N237100638.JPG,125.19580419580419,87.96503496503497,82.19580419580419,True,170.9333333333333,117.84999999999998,102.49166666666667,True,100.0,100.0
28/10/2023 16:11:53,../../dataset/valid/N237100610.JPG,229.54545454545453,164.34965034965037,132.92307692307693,True,252.88333333333333,179.00833333333333,144.23333333333332,True,100.0,100.0
28/10/2023 16:11:53,../../dataset/valid/N230601725.JPG,169.18181818181816,111.46153846153847,55.13286713286713,True,245.41666666666666,173.58333333333337,101.58333333333331,True,100.0,100.0
28/10/2023 16:11:53,../../dataset/valid/N230601735.JPG,157.24475524475525,105.66433566433567,83.41958041958043,True,108.92500000000001,73.3,64.40833333333333,True,100.0,100.0
28/10/2023 16:11:53,../../dataset/valid/N230201529.JPG,162.63636363636365,111.0909090909091,100.6923076923077,True,204.93333333333337,153.20833333333334,139.11666666666667,True,100.0,100.0
28/10/2023 16:11:53,../../dataset/valid/N231600919.JPG,45.93706293706294,44.23776223776225,46.30769230769231,True,32.291666666666664,32.449999999999996,36.10833333333333,True,100.0,100.0
28/10/2023 16:11:53,../../dataset/valid/N231200913.JPG,180.4965034965035,122.44055944055944,94.84615384615384,True,221.025,153.125,108.14166666666665,True,100.0,100.0
28/10/2023 16:11:53,../../dataset/valid/N230101750.JPG,184.53846153846155,142.2937062937063,105.6713286713287,True,218.4583333333333,168.45833333333331,133.37499999999997,True,100.0,100.0
28/10/2023 16:11:53,../../dataset/valid/N230101778.JPG,186.65734265734267,143.04195804195803,124.03496503496505,True,210.85833333333335,159.90833333333333,138.80833333333334,True,100.0,100.0
28/10/2023 16:11:53,../../dataset/valid/N231100997.JPG,224.006993006993,150.13286713286715,133.36363636363637,True,236.0833333333333,163.58333333333334,146.18333333333334,True,100.0,100.0
28/10/2023 16:11:53,../../dataset/valid/N230101793.JPG,157.5734265734266,91.34965034965036,61.86013986013987,True,170.9333333333333,107.93333333333334,76.93333333333334,True,100.0,100.0
28/10/2023 16:11:53,../../dataset/valid/N230701292.JPG,157.93706293706293,120.3986013986014,89.9160839160839,True,167.10833333333332,130.36666666666667,100.45833333333333,True,100.0,100.0
28/10/2023 16:11:53,../../dataset/valid/N230101977.JPG,171.6993006993007,128.4405594405594,120.25174825174827,True,159.25833333333333,117.98333333333333,115.30833333333334,True,100.0,100.0
28/10/2023 16:11:53,../../dataset/valid/N230501558.JPG,162.62237762237763,121.87412587412588,93.33566433566433,True,191.17499999999998,147.175,118.17500000000001,True,100.0,100.0
28/10/2023 16:11:53,../../dataset/valid/N231300867.JPG,175.4265734265734,118.36363636363636,100.60139860139861,True,228.49166666666665,161.62499999999997,133.78333333333333,True,100.0,100.0
28/10/2023 16:11:53,../../dataset/valid/N230701457.JPG,201.85314685314688,135.1608391608392,105.63636363636364,True,228.42499999999998,162.08333333333331,132.3083333333333,True,100.0,100.0
28/10/2023 16:11:53,../../dataset/valid/N230601457.JPG,163.69230769230768,116.22377622377621,99.44055944055944,True,171.71666666666667,117.39166666666667,99.78333333333332,True,100.0,100.0
28/10/2023 16:11:53,../../dataset/valid/N230701443.JPG,200.8181818181818,146.45454545454547,124.38461538461539,True,227.14166666666674,171.50833333333333,150.50833333333335,True,100.0,100.0
28/10/2023 16:11:53,../../dataset/valid/N230501410.JPG,184.11188811188808,117.27972027972031,94.59440559440561,True,201.40833333333333,128.58333333333331,100.35833333333333,True,100.0,100.0
28/10/2023 16:11:53,../../dataset/valid/N231501063.JPG,147.34265734265733,88.45454545454544,66.006993006993,True,177.625,116.50833333333333,97.625,True,100.0,100.0
28/10/2023 16:11:53,../../dataset/valid/N238100654.JPG,146.6853146853147,109.25174825174828,97.98601398601399,True,200.70833333333337,140.325,117.25833333333333,True,100.0,100.0
28/10/2023 16:11:53,../../dataset/valid/N236100475.JPG,213.60139860139859,160.97202797202797,158.66433566433565,True,210.41666666666663,153.725,148.31666666666666,True,100.0,100.0
28/10/2023 16:11:54,../../dataset/valid/N231301006.JPG,71.58041958041957,67.73426573426573,70.16783216783217,True,170.56666666666663,125.86666666666666,108.83333333333333,True,100.0,100.0
28/10/2023 16:11:54,../../dataset/valid/N231301007.JPG,182.55944055944053,126.53146853146853,84.13286713286713,True,201.71666666666667,142.46666666666667,96.0,True,100.0,100.0
28/10/2023 16:11:54,../../dataset/valid/N230201448.JPG,203.84615384615384,139.74125874125875,102.61538461538461,True,233.5666666666667,158.1333333333333,118.40833333333335,True,100.0,100.0
28/10/2023 16:11:54,../../dataset/valid/N238100655.JPG,189.36363636363632,106.71328671328669,75.93706293706295,True,216.1,146.0,104.15833333333335,True,100.0,100.0
28/10/2023 16:11:54,../../dataset/valid/N231501076.JPG,140.1608391608392,89.49650349650352,68.02097902097901,True,202.99166666666667,144.24999999999997,122.38333333333333,True,100.0,100.0
28/10/2023 16:11:54,../../dataset/valid/N230301851.JPG,188.09090909090907,121.20279720279721,110.48951048951048,True,213.63333333333333,132.85833333333338,111.075,True,100.0,100.0
28/10/2023 16:11:54,../../dataset/valid/N231705525.JPG,231.69930069930066,157.2027972027972,115.6083916083916,True,251.35000000000002,178.41666666666666,139.30833333333334,True,100.0,100.0
28/10/2023 16:11:54,../../dataset/valid/N237100588.JPG,189.51048951048955,123.90209790209792,92.25874125874127,True,241.51666666666665,172.35,135.7,True,100.0,100.0
28/10/2023 16:11:54,../../dataset/valid/N230701293.JPG,155.986013986014,100.95104895104893,75.13286713286712,True,202.46666666666667,130.71666666666667,95.33333333333333,True,100.0,100.0
28/10/2023 16:11:54,../../dataset/valid/N231501102.JPG,145.6433566433566,106.85314685314685,104.50349650349648,True,167.11666666666667,125.54166666666667,125.36666666666667,True,100.0,100.0
28/10/2023 16:11:54,../../dataset/valid/N230701287.JPG,153.65034965034965,115.81118881118881,128.5244755244755,True,185.25,135.29166666666666,143.35833333333332,True,100.0,100.0
28/10/2023 16:11:54,../../dataset/valid/N231100969.JPG,179.43356643356645,117.62237762237763,97.90209790209789,True,208.11666666666667,136.11666666666665,112.2,True,100.0,100.0
28/10/2023 16:11:54,../../dataset/valid/N230701250.JPG,225.30769230769235,158.64335664335664,118.95104895104895,True,211.88333333333335,145.91666666666666,105.39999999999999,True,100.0,100.0
28/10/2023 16:11:54,../../dataset/valid/N236100500.JPG,81.72727272727273,48.75524475524476,42.37762237762237,True,101.77499999999999,60.416666666666664,49.00833333333333,True,100.0,100.0
28/10/2023 16:11:54,../../dataset/valid/N230201528.JPG,188.68531468531467,117.81818181818183,97.62937062937064,True,216.63333333333333,154.69166666666666,132.9416666666667,True,100.0,100.0
28/10/2023 16:11:54,../../dataset/valid/N230601720.JPG,210.6433566433566,171.5034965034965,135.05594405594405,True,217.82500000000002,186.75,161.69166666666666,True,100.0,100.0
28/10/2023 16:11:54,../../dataset/valid/N230601734.JPG,172.58741258741262,139.24475524475523,134.8811188811189,True,200.35833333333332,155.725,144.92499999999998,True,100.0,100.0
28/10/2023 16:11:54,../../dataset/valid/N239001064.JPG,111.95104895104896,94.41258741258743,85.54545454545453,True,84.69166666666668,86.0,82.90000000000002,True,100.0,100.0
28/10/2023 16:11:54,../../dataset/valid/N236100502.JPG,148.7832167832168,110.36363636363636,115.67132867132867,True,200.51666666666668,144.68333333333337,137.68333333333337,True,100.0,100.0
28/10/2023 16:11:54,../../dataset/valid/N236100516.JPG,155.83216783216784,122.75524475524475,91.62937062937064,True,176.17500000000004,140.175,104.175,True,100.0,100.0
28/10/2023 16:11:54,../../dataset/valid/N231701621.JPG,117.97202797202796,88.72727272727273,75.5804195804196,True,201.31666666666663,146.69166666666666,116.69999999999999,True,100.0,100.0
28/10/2023 16:11:54,../../dataset/valid/N231701635.JPG,170.4405594405594,113.41958041958043,79.97902097902099,True,232.35000000000002,154.59166666666667,109.73333333333333,True,100.0,100.0
28/10/2023 16:11:54,../../dataset/valid/N230101747.JPG,186.11888111888115,129.4965034965035,111.76923076923077,True,198.60833333333332,140.54166666666666,122.65833333333335,True,100.0,100.0
28/10/2023 16:11:54,../../dataset/valid/N230301933.JPG,184.45454545454547,126.17482517482517,87.34965034965033,True,203.53333333333333,143.40833333333333,109.90833333333332,True,100.0,100.0
28/10/2023 16:11:54,../../dataset/valid/N230701246.JPG,202.3986013986014,147.3426573426573,127.70629370629374,True,230.51666666666662,182.49999999999997,163.89166666666668,True,100.0,100.0
28/10/2023 16:11:54,../../dataset/valid/N230601534.JPG,212.53846153846158,164.23776223776224,152.54545454545453,True,220.34166666666667,163.24166666666665,146.175,True,100.0,100.0
28/10/2023 16:11:54,../../dataset/valid/N230301700.JPG,182.54545454545453,121.89510489510491,97.33566433566433,True,222.17499999999998,162.65833333333333,140.59166666666667,True,100.0,100.0
28/10/2023 16:11:54,../../dataset/valid/N230701291.JPG,177.1888111888112,119.46853146853148,109.09790209790208,True,196.275,145.39999999999998,131.44166666666666,True,100.0,100.0
28/10/2023 16:11:55,../../dataset/valid/N230701285.JPG,147.46153846153848,111.0,86.76923076923077,True,222.42499999999998,165.76666666666668,127.70833333333333,True,100.0,100.0
28/10/2023 16:11:55,../../dataset/valid/N231100957.JPG,182.58041958041957,140.4965034965035,123.5874125874126,True,220.89166666666668,176.39166666666665,154.51666666666668,True,100.0,100.0
28/10/2023 16:11:55,../../dataset/valid/N231300864.JPG,172.27272727272728,111.95804195804195,90.22377622377623,True,198.975,131.17499999999998,105.24166666666666,True,100.0,100.0
28/10/2023 16:11:55,../../dataset/valid/N231200870.JPG,44.69230769230769,41.811188811188806,46.13986013986015,True,51.37500000000001,36.13333333333334,37.11666666666667,True,100.0,100.0
28/10/2023 16:11:55,../../dataset/valid/N230601454.JPG,192.25874125874128,130.25874125874125,97.87412587412588,True,204.50833333333333,140.35,103.77500000000002,True,100.0,100.0
28/10/2023 16:11:55,../../dataset/valid/N231200858.JPG,187.55944055944053,127.38461538461537,106.5244755244755,True,220.08333333333334,150.08333333333334,114.18333333333334,True,100.0,100.0
28/10/2023 16:11:55,../../dataset/valid/N230201660.JPG,154.32867132867133,101.16083916083916,102.12587412587412,True,228.45833333333334,164.45,164.88333333333335,True,100.0,100.0
28/10/2023 16:11:55,../../dataset/valid/N236100476.JPG,178.93706293706296,131.25174825174827,120.55244755244757,True,208.475,159.85833333333332,151.95833333333331,True,100.0,100.0
28/10/2023 16:11:55,../../dataset/valid/N230201476.JPG,186.4685314685315,119.11888111888113,103.82517482517481,True,223.77499999999998,159.02500000000003,145.89166666666665,True,100.0,100.0
28/10/2023 16:11:55,../../dataset/valid/N230501638.JPG,176.1678321678322,118.9090909090909,83.60139860139861,True,200.53333333333333,143.35833333333332,110.03333333333332,True,100.0,100.0
28/10/2023 16:11:55,../../dataset/valid/N231401263.JPG,143.0769230769231,100.7972027972028,87.23076923076923,True,196.72500000000002,135.80833333333334,116.175,True,100.0,100.0
28/10/2023 16:11:55,../../dataset/valid/N230201477.JPG,177.5874125874126,132.75524475524477,89.61538461538461,True,221.44166666666663,182.85833333333332,141.85833333333332,True,100.0,100.0
28/10/2023 16:11:55,../../dataset/valid/N231401277.JPG,174.013986013986,124.20279720279721,99.36363636363635,True,217.14166666666668,166.8083333333333,138.0583333333333,True,100.0,100.0
28/10/2023 16:11:55,../../dataset/valid/N231701595.JPG,164.78321678321677,124.97902097902099,107.64335664335665,True,181.76666666666665,134.38333333333333,116.36666666666666,True,100.0,100.0
28/10/2023 16:11:55,../../dataset/valid/N239001107.JPG,206.95104895104893,148.7832167832168,109.86713286713287,True,232.2166666666667,189.82499999999996,162.43333333333334,True,100.0,100.0
28/10/2023 16:11:55,../../dataset/valid/N230301661.JPG,218.86013986013984,154.72727272727272,134.67132867132867,True,224.59999999999994,158.65833333333333,140.45833333333331,True,100.0,100.0
28/10/2023 16:11:55,../../dataset/valid/N230101829.JPG,178.95104895104896,104.4755244755245,79.75524475524477,True,199.5666666666667,119.85833333333333,89.55833333333332,True,100.0,100.0
28/10/2023 16:11:55,../../dataset/valid/N231200871.JPG,209.00000000000003,152.013986013986,114.25174825174827,True,232.73333333333335,169.4416666666667,125.72500000000002,True,100.0,100.0
28/10/2023 16:11:55,../../dataset/valid/N231501101.JPG,131.95104895104896,99.17482517482519,80.76223776223777,True,136.34166666666664,103.39166666666667,86.10000000000001,True,100.0,100.0
28/10/2023 16:11:55,../../dataset/valid/N230101975.JPG,177.7132867132867,125.36363636363635,105.18181818181817,True,224.5,155.49166666666667,123.30000000000001,True,100.0,100.0
28/10/2023 16:11:55,../../dataset/valid/N230501572.JPG,132.43356643356643,94.53146853146852,83.67132867132865,True,201.2166666666667,148.84166666666667,129.15833333333336,True,100.0,100.0
28/10/2023 16:11:55,../../dataset/valid/N231401303.JPG,178.86013986013984,146.75524475524477,152.44755244755243,True,174.20000000000002,137.525,141.75833333333335,True,100.0,100.0
28/10/2023 16:11:55,../../dataset/valid/N236100517.JPG,161.48251748251747,111.04195804195804,89.55244755244756,True,160.59166666666667,106.10833333333333,76.02499999999999,True,100.0,100.0
28/10/2023 16:11:55,../../dataset/valid/N231500951.JPG,196.4825174825175,112.82517482517483,81.58041958041957,True,217.975,142.45000000000002,123.27499999999999,True,100.0,100.0
28/10/2023 16:11:55,../../dataset/valid/N231401326.JPG,211.2027972027972,128.0,80.14685314685318,True,232.73333333333335,157.04166666666666,112.51666666666665,True,100.0,100.0
28/10/2023 16:11:55,../../dataset/valid/N230701262.JPG,158.03496503496504,98.25874125874125,86.36363636363636,True,97.78333333333335,73.11666666666669,74.51666666666667,True,100.0,100.0
28/10/2023 16:11:55,../../dataset/valid/N230301917.JPG,113.81818181818183,68.8881118881119,47.19580419580419,True,209.87499999999997,129.42499999999998,85.40000000000002,True,100.0,100.0
28/10/2023 16:11:55,../../dataset/valid/N230501543.JPG,152.04895104895104,90.7972027972028,74.69230769230768,True,193.34166666666667,125.39166666666667,106.39166666666667,True,100.0,100.0
28/10/2023 16:11:55,../../dataset/valid/N230701302.JPG,209.5244755244755,149.06993006993008,120.41958041958043,True,223.04166666666666,159.1,130.775,True,100.0,100.0
28/10/2023 16:11:55,../../dataset/valid/N237100592.JPG,206.81118881118877,156.5804195804196,133.46153846153845,True,237.66666666666666,181.61666666666667,157.80833333333337,True,100.0,100.0
28/10/2023 16:11:56,../../dataset/valid/N231300868.JPG,189.95104895104896,136.32167832167832,119.95104895104895,True,204.90833333333333,136.74166666666667,110.05833333333332,True,100.0,100.0
28/10/2023 16:11:56,../../dataset/valid/N230501386.JPG,119.10489510489512,74.97902097902099,70.04895104895105,True,190.1583333333334,146.60833333333335,140.775,True,100.0,100.0
28/10/2023 16:11:56,../../dataset/valid/N230301888.JPG,141.66433566433568,94.5034965034965,80.07692307692308,True,173.29166666666666,121.50833333333334,105.40833333333335,True,100.0,100.0
28/10/2023 16:11:56,../../dataset/valid/N230301650.JPG,183.27972027972027,123.006993006993,100.9090909090909,True,219.84166666666667,155.74166666666667,128.79166666666666,True,100.0,100.0
28/10/2023 16:11:56,../../dataset/valid/N230501423.JPG,118.22377622377621,101.3776223776224,82.55244755244756,True,165.59166666666667,129.82500000000002,100.20833333333333,True,100.0,100.0
28/10/2023 16:11:56,../../dataset/valid/N230201446.JPG,174.16083916083915,105.96503496503495,77.11888111888112,True,197.7833333333333,126.88333333333333,97.21666666666665,True,100.0,100.0
28/10/2023 16:11:56,../../dataset/valid/N230201452.JPG,154.50349650349648,95.86713286713287,75.94405594405595,True,162.5083333333333,105.52499999999998,85.48333333333333,True,100.0,100.0
28/10/2023 16:11:56,../../dataset/valid/N230201453.JPG,158.36363636363637,93.62937062937064,78.13286713286712,True,193.75833333333333,116.175,91.425,True,100.0,100.0
28/10/2023 16:11:56,../../dataset/valid/N231401253.JPG,212.69230769230768,171.04195804195803,161.1748251748252,True,210.9333333333333,163.01666666666668,142.80833333333334,True,100.0,100.0
28/10/2023 16:11:56,../../dataset/valid/N230201447.JPG,193.4755244755245,139.30069930069928,89.22377622377621,True,187.38333333333333,125.97500000000001,71.44166666666668,True,100.0,100.0
28/10/2023 16:11:56,../../dataset/valid/N230601667.JPG,197.63636363636363,143.45454545454547,125.75524475524475,True,232.58333333333337,171.25833333333333,152.3083333333333,True,100.0,100.0
28/10/2023 16:11:56,../../dataset/valid/N231401284.JPG,195.4615384615385,141.1258741258741,108.41958041958043,True,228.32500000000005,186.45000000000002,167.00833333333335,True,100.0,100.0
28/10/2023 16:11:56,../../dataset/valid/N231401290.JPG,158.78321678321674,98.32167832167832,71.09790209790208,True,182.84166666666667,116.72500000000002,79.38333333333334,True,100.0,100.0
28/10/2023 16:11:56,../../dataset/valid/N231300896.JPG,166.46853146853147,92.86713286713287,74.2867132867133,True,187.225,106.16666666666667,83.21666666666667,True,100.0,100.0
28/10/2023 16:11:56,../../dataset/valid/N230601471.JPG,211.6153846153846,148.50349650349654,126.60139860139861,True,220.32500000000002,151.0083333333333,124.69166666666665,True,100.0,100.0
28/10/2023 16:11:56,../../dataset/valid/N230701288.JPG,209.58741258741262,194.54545454545453,175.67132867132867,True,222.76666666666665,214.35,196.9333333333333,True,100.0,100.0
28/10/2023 16:11:56,../../dataset/valid/N231501125.JPG,191.5594405594406,169.3566433566434,128.07692307692307,True,213.95000000000002,193.875,154.03333333333333,True,100.0,100.0
28/10/2023 16:11:56,../../dataset/valid/N230601539.JPG,202.16083916083915,139.45454545454547,118.60139860139861,True,226.07500000000002,160.95833333333334,141.075,True,100.0,100.0
28/10/2023 16:11:56,../../dataset/valid/N230101776.JPG,151.5104895104895,113.34265734265733,114.96503496503495,True,187.39166666666665,145.39166666666668,146.39166666666668,True,100.0,100.0
28/10/2023 16:11:56,../../dataset/valid/N230201527.JPG,174.8741258741259,136.3916083916084,132.37762237762237,True,206.45833333333334,165.12500000000003,162.64166666666668,True,100.0,100.0
28/10/2023 16:11:56,../../dataset/valid/N231500993.JPG,101.88811188811187,79.95804195804195,85.30069930069929,True,134.99166666666665,88.66666666666664,85.74999999999999,True,100.0,100.0
28/10/2023 16:11:56,../../dataset/valid/N230601707.JPG,196.5384615384615,129.06293706293704,112.95804195804195,True,251.42499999999995,188.24166666666665,170.7583333333333,True,100.0,100.0
28/10/2023 16:11:56,../../dataset/valid/N230201531.JPG,151.26573426573427,106.06293706293705,81.54545454545453,True,192.61666666666667,144.51666666666668,119.07499999999999,True,100.0,100.0
28/10/2023 16:11:56,../../dataset/valid/N231600929.JPG,206.91608391608395,138.97202797202797,96.74825174825175,True,241.20833333333334,168.75833333333335,127.83333333333331,True,100.0,100.0
28/10/2023 16:11:56,../../dataset/valid/N231401325.JPG,224.020979020979,161.3986013986014,140.62937062937064,True,227.18333333333337,163.45,142.71666666666667,True,100.0,100.0
28/10/2023 16:11:56,../../dataset/valid/N236100531.JPG,108.62237762237761,60.16083916083916,39.608391608391614,True,184.51666666666665,124.51666666666667,100.51666666666665,True,100.0,100.0
28/10/2023 16:11:56,../../dataset/valid/N230701275.JPG,201.49650349650352,147.21678321678323,121.73426573426573,True,206.30833333333337,149.95000000000002,127.075,True,100.0,100.0
28/10/2023 16:11:56,../../dataset/valid/N231200923.JPG,153.66433566433565,102.77622377622377,97.04195804195804,True,184.07500000000002,122.07499999999999,111.07499999999999,True,100.0,100.0
28/10/2023 16:11:56,../../dataset/valid/N237100585.JPG,198.07692307692312,140.48951048951048,111.006993006993,True,222.10833333333338,176.4416666666667,158.1916666666667,True,100.0,100.0
28/10/2023 16:11:56,../../dataset/valid/N230501385.JPG,208.24475524475523,129.1958041958042,99.53146853146852,True,238.0583333333333,148.15833333333333,114.52499999999999,True,100.0,100.0
28/10/2023 16:11:57,../../dataset/valid/N231501047.JPG,219.67832167832168,159.986013986014,118.86713286713287,True,245.06666666666663,186.64999999999998,147.55833333333334,True,100.0,100.0
28/10/2023 16:11:57,../../dataset/valid/N236100492.JPG,168.07692307692312,100.21678321678323,67.25174825174825,True,224.70833333333334,144.70833333333334,109.70833333333336,True,100.0,100.0
28/10/2023 16:11:57,../../dataset/valid/N230201445.JPG,170.93706293706293,119.65034965034965,106.95104895104893,True,208.60833333333335,137.82500000000002,116.14166666666667,True,100.0,100.0
28/10/2023 16:11:57,../../dataset/valid/N231301036.JPG,208.33566433566432,120.48251748251748,90.04195804195805,True,242.17499999999998,149.0666666666667,105.46666666666668,True,100.0,100.0
28/10/2023 16:11:57,../../dataset/valid/N230501636.JPG,23.167832167832163,23.167832167832163,25.167832167832163,True,41.68333333333333,40.4,44.58333333333332,True,100.0,100.0
28/10/2023 16:11:57,../../dataset/valid/N236000322.JPG,206.75524475524477,142.04895104895104,115.28671328671327,True,230.275,159.275,131.275,True,100.0,100.0
28/10/2023 16:11:57,../../dataset/valid/N230201450.JPG,137.16783216783216,91.51748251748252,98.38461538461539,True,160.05,107.30833333333332,110.27499999999999,True,100.0,100.0
28/10/2023 16:11:57,../../dataset/valid/N239001120.JPG,132.16783216783216,77.9090909090909,63.412587412587406,True,171.92499999999998,109.89166666666665,88.99166666666666,True,100.0,100.0
28/10/2023 16:11:57,../../dataset/valid/N230201493.JPG,213.5804195804196,140.16083916083915,125.77622377622377,True,232.73333333333332,160.06666666666666,145.60833333333332,True,100.0,100.0
28/10/2023 16:11:57,../../dataset/valid/N230501435.JPG,201.5034965034965,164.69230769230768,145.6153846153846,True,198.79999999999998,146.8,122.86666666666667,True,100.0,100.0
28/10/2023 16:11:57,../../dataset/valid/N230701328.JPG,166.6013986013986,103.06293706293704,80.64335664335664,True,195.52499999999998,123.35833333333335,98.27500000000002,True,100.0,100.0
28/10/2023 16:11:57,../../dataset/valid/N231601015.JPG,164.34265734265733,128.56643356643357,106.78321678321677,True,166.56666666666663,112.25833333333333,83.44166666666666,True,100.0,100.0
28/10/2023 16:11:57,../../dataset/valid/N230301849.JPG,141.7972027972028,88.45454545454547,82.86013986013987,True,172.82500000000002,90.65833333333335,71.72500000000001,True,100.0,100.0
28/10/2023 16:11:57,../../dataset/valid/N230601466.JPG,143.9160839160839,92.42657342657344,67.03496503496503,True,177.13333333333333,117.13333333333333,89.13333333333333,True,100.0,100.0
28/10/2023 16:11:57,../../dataset/valid/N237100590.JPG,181.7832167832168,132.013986013986,107.87412587412585,True,207.3416666666667,159.57500000000002,138.25,True,100.0,100.0
28/10/2023 16:11:57,../../dataset/valid/N230301726.JPG,193.4405594405594,130.0909090909091,85.65734265734265,True,229.82500000000002,156.85833333333335,105.825,True,100.0,100.0
28/10/2023 16:11:57,../../dataset/valid/N230101775.JPG,177.85314685314685,120.27972027972027,112.34265734265733,True,202.26666666666668,151.50833333333333,144.73333333333335,True,100.0,100.0
28/10/2023 16:11:57,../../dataset/valid/N231200922.JPG,137.9300699300699,116.13986013986013,116.29370629370626,True,135.90833333333333,112.34166666666668,109.54166666666664,True,100.0,100.0
28/10/2023 16:11:57,../../dataset/valid/N230501596.JPG,192.5244755244755,134.15384615384616,106.22377622377624,True,219.56666666666672,156.5666666666667,125.56666666666666,True,100.0,100.0
28/10/2023 16:11:57,../../dataset/valid/N230301915.JPG,150.39860139860141,101.04195804195805,77.25874125874125,True,193.41666666666666,137.41666666666666,114.41666666666664,True,100.0,100.0
28/10/2023 16:11:57,../../dataset/valid/N230101749.JPG,200.06293706293704,134.986013986014,112.73426573426573,True,223.2833333333333,150.64999999999998,132.28333333333333,True,100.0,100.0
28/10/2023 16:11:57,../../dataset/valid/N231401318.JPG,176.65734265734267,111.18881118881119,85.97902097902099,True,183.01666666666665,123.80833333333334,92.94166666666666,True,100.0,100.0
28/10/2023 16:11:57,../../dataset/valid/N236100530.JPG,186.22377622377624,125.013986013986,104.10489510489509,True,214.34166666666667,149.35,127.32500000000003,True,100.0,100.0
28/10/2023 16:11:57,../../dataset/valid/N230201530.JPG,221.7692307692308,162.93706293706293,134.20979020979019,True,229.9,174.9,144.45000000000002,True,100.0,100.0
28/10/2023 16:11:57,../../dataset/valid/N230201524.JPG,192.4755244755245,134.73426573426576,104.84615384615383,True,214.63333333333335,158.67499999999998,133.40833333333333,True,100.0,100.0
28/10/2023 16:11:57,../../dataset/valid/N236100508.JPG,231.61538461538464,155.95804195804192,124.0,True,252.1833333333333,187.19999999999996,149.2583333333333,True,100.0,100.0
28/10/2023 16:11:57,../../dataset/valid/N230501586.JPG,160.6993006993007,105.9230769230769,112.11188811188812,True,234.625,163.56666666666666,170.10833333333332,True,100.0,100.0
28/10/2023 16:11:57,../../dataset/valid/N230101995.JPG,191.67132867132867,131.47552447552445,95.54545454545453,True,213.475,153.10833333333335,129.50000000000003,True,100.0,100.0
28/10/2023 16:11:57,../../dataset/valid/N230701476.JPG,204.88111888111885,146.27272727272728,115.15384615384616,True,224.8083333333333,169.6,136.125,True,100.0,100.0
28/10/2023 16:11:57,../../dataset/valid/N230701304.JPG,65.78321678321677,50.811188811188806,56.72027972027972,True,129.01666666666665,90.78333333333332,87.26666666666665,True,100.0,100.0
28/10/2023 16:11:58,../../dataset/valid/N230301695.JPG,171.7972027972028,118.14685314685315,82.86013986013987,True,210.27500000000006,150.09166666666667,104.8,True,100.0,100.0
28/10/2023 16:11:58,../../dataset/valid/N230301656.JPG,186.79020979020976,132.25174825174827,113.62937062937064,True,219.82500000000002,172.71666666666667,156.0333333333333,True,100.0,100.0
28/10/2023 16:11:58,../../dataset/valid/N236100497.JPG,205.20979020979024,145.67132867132867,116.88811188811188,True,222.3083333333333,156.275,121.27500000000002,True,100.0,100.0
28/10/2023 16:11:58,../../dataset/valid/N239001118.JPG,158.3006993006993,101.46853146853147,57.06293706293707,True,209.94166666666672,154.57500000000002,102.99166666666667,True,100.0,100.0
28/10/2023 16:11:58,../../dataset/valid/N231401268.JPG,113.44755244755244,89.38461538461539,88.47552447552447,True,175.6833333333333,123.68333333333332,99.68333333333334,True,100.0,100.0
28/10/2023 16:11:58,../../dataset/valid/N236100469.JPG,218.09790209790208,159.85314685314685,133.60139860139859,True,201.88333333333333,139.975,110.16666666666669,True,100.0,100.0
28/10/2023 16:11:58,../../dataset/valid/N230201441.JPG,140.88811188811187,101.3006993006993,97.96503496503497,True,204.33333333333337,146.35833333333335,132.32500000000002,True,100.0,100.0
28/10/2023 16:11:58,../../dataset/valid/N236000327.JPG,202.58741258741262,136.76923076923077,127.35664335664335,True,207.00833333333333,145.70833333333334,139.4,True,100.0,100.0
28/10/2023 16:11:58,../../dataset/valid/N231301026.JPG,161.21678321678323,115.14685314685313,97.44055944055944,True,213.00833333333335,149.00833333333333,121.00833333333333,True,100.0,100.0
28/10/2023 16:11:58,../../dataset/valid/N230201496.JPG,177.34265734265733,137.7062937062937,125.986013986014,True,191.77499999999998,146.775,127.77500000000002,True,100.0,100.0
28/10/2023 16:11:58,../../dataset/valid/N231501043.JPG,87.5034965034965,53.21678321678321,46.671328671328666,True,55.224999999999994,42.01666666666667,43.63333333333333,True,100.0,100.0
28/10/2023 16:11:58,../../dataset/valid/N230301657.JPG,107.23776223776223,66.83916083916084,62.96503496503496,True,133.07500000000002,94.31666666666666,92.29166666666667,True,100.0,100.0
28/10/2023 16:11:58,../../dataset/valid/N230101837.JPG,191.94405594405595,123.25174825174825,91.28671328671327,True,220.35,140.55,104.78333333333332,True,100.0,100.0
28/10/2023 16:11:58,../../dataset/valid/N231501057.JPG,165.85314685314685,101.96503496503496,78.15384615384616,True,202.65,143.55833333333337,115.28333333333332,True,100.0,100.0
28/10/2023 16:11:58,../../dataset/valid/N230501424.JPG,211.96503496503496,154.96503496503496,119.2867132867133,True,223.36666666666667,162.79166666666666,124.74166666666669,True,100.0,100.0
28/10/2023 16:11:58,../../dataset/valid/N230201680.JPG,182.80419580419579,128.08391608391608,113.64335664335665,True,205.50000000000003,148.68333333333337,133.16666666666669,True,100.0,100.0
28/10/2023 16:11:58,../../dataset/valid/N237100581.JPG,195.10489510489512,122.44755244755245,110.48251748251748,True,223.18333333333337,167.025,162.33333333333334,True,100.0,100.0
28/10/2023 16:11:58,../../dataset/valid/N230501578.JPG,246.35664335664342,178.58041958041957,160.42657342657347,True,249.18333333333337,177.67499999999998,159.16666666666666,True,100.0,100.0
28/10/2023 16:11:58,../../dataset/valid/N231100974.JPG,194.25874125874128,125.3986013986014,135.46853146853147,True,216.70000000000005,149.48333333333332,151.17499999999998,True,100.0,100.0
28/10/2023 16:11:58,../../dataset/valid/N230501550.JPG,140.19580419580421,94.06993006993005,75.25174825174825,True,215.63333333333333,154.49166666666665,133.84166666666667,True,100.0,100.0
28/10/2023 16:11:58,../../dataset/valid/N231300927.JPG,186.14685314685315,119.37062937062939,89.86013986013987,True,204.6916666666667,127.20833333333333,91.575,True,100.0,100.0
28/10/2023 16:11:58,../../dataset/valid/N237100634.JPG,166.90909090909093,92.01398601398601,62.8041958041958,True,194.64999999999998,123.95000000000003,91.05833333333334,True,100.0,100.0
28/10/2023 16:11:58,../../dataset/valid/N239001086.JPG,108.17482517482519,59.93006993006993,56.40559440559439,True,201.07500000000002,125.27499999999999,111.42499999999997,True,100.0,100.0
28/10/2023 16:11:58,../../dataset/valid/N230601703.JPG,198.7832167832168,136.13286713286715,107.84615384615384,True,231.20000000000005,153.45000000000002,120.03333333333335,True,100.0,100.0
28/10/2023 16:11:58,../../dataset/valid/N231500954.JPG,196.4685314685315,143.61538461538464,111.62237762237761,True,212.84166666666667,159.725,129.16666666666669,True,100.0,100.0
28/10/2023 16:11:58,../../dataset/valid/N230601529.JPG,180.05594405594405,135.45454545454547,116.27972027972027,True,203.30000000000004,150.3,126.21666666666665,True,100.0,100.0
28/10/2023 16:11:58,../../dataset/valid/N230601515.JPG,162.93006993006995,110.49650349650348,101.00699300699301,True,231.11666666666665,163.54166666666666,147.2,True,100.0,100.0
28/10/2023 16:11:58,../../dataset/valid/N230701267.JPG,156.58041958041957,95.62937062937061,81.18181818181817,True,182.91666666666666,121.59166666666665,108.39166666666667,True,100.0,100.0
28/10/2023 16:11:58,../../dataset/valid/N230701298.JPG,36.74125874125875,27.916083916083917,25.98601398601398,True,170.51666666666668,110.52499999999999,85.01666666666667,True,100.0,100.0
28/10/2023 16:11:58,../../dataset/valid/N230301709.JPG,192.45454545454547,146.76923076923077,131.44055944055944,True,216.00833333333333,170.11666666666665,158.69166666666666,True,100.0,100.0
28/10/2023 16:11:59,../../dataset/valid/N231501121.JPG,231.55944055944062,162.69930069930072,126.5034965034965,True,231.48333333333335,153.33333333333334,107.26666666666667,True,100.0,100.0
28/10/2023 16:11:59,../../dataset/valid/N230101799.JPG,196.6013986013986,140.63636363636363,116.49650349650348,True,208.4666666666667,152.06666666666663,129.21666666666667,True,100.0,100.0
28/10/2023 16:11:59,../../dataset/valid/N231100976.JPG,96.53846153846153,68.58741258741259,69.97902097902099,True,212.44999999999996,166.61666666666665,167.7,True,100.0,100.0
28/10/2023 16:11:59,../../dataset/valid/N231200851.JPG,190.04895104895104,147.5034965034965,130.86013986013984,True,215.15833333333333,174.71666666666667,157.1,True,100.0,100.0
28/10/2023 16:11:59,../../dataset/valid/N230501397.JPG,166.22377622377618,110.05594405594404,92.0629370629371,True,205.29166666666666,143.37499999999997,126.56666666666666,True,100.0,100.0
28/10/2023 16:11:59,../../dataset/valid/N231300879.JPG,190.38461538461542,114.47552447552447,65.78321678321679,True,236.5666666666667,163.54166666666669,111.67500000000001,True,100.0,100.0
28/10/2023 16:11:59,../../dataset/valid/N237100583.JPG,176.2797202797203,120.38461538461539,101.65034965034965,True,202.23333333333335,134.4,98.96666666666668,True,100.0,100.0
28/10/2023 16:11:59,../../dataset/valid/N230301682.JPG,202.42657342657347,147.48951048951048,146.0,True,248.73333333333335,170.99166666666667,148.375,True,100.0,100.0
28/10/2023 16:11:59,../../dataset/valid/N230301669.JPG,183.73426573426573,140.77622377622382,137.63636363636365,True,188.75000000000003,130.15,110.99166666666666,True,100.0,100.0
28/10/2023 16:11:59,../../dataset/valid/N230201669.JPG,188.28671328671328,116.51748251748252,75.13286713286713,True,229.56666666666663,156.56666666666663,103.56666666666666,True,100.0,100.0
28/10/2023 16:11:59,../../dataset/valid/N236100494.JPG,182.44755244755245,130.79720279720277,100.65034965034967,True,184.875,132.875,108.875,True,100.0,100.0
28/10/2023 16:11:59,../../dataset/valid/N239001127.JPG,34.16783216783217,33.74825174825175,35.35664335664335,True,58.699999999999996,50.291666666666664,53.208333333333336,True,100.0,100.0
28/10/2023 16:11:59,../../dataset/valid/N231301024.JPG,58.97902097902099,32.46153846153847,29.937062937062937,True,122.33333333333333,78.20833333333333,62.31666666666667,True,100.0,100.0
28/10/2023 16:11:59,../../dataset/valid/N231401242.JPG,175.1398601398601,131.53846153846155,104.03496503496503,True,186.69166666666663,145.73333333333332,117.8,True,100.0,100.0
28/10/2023 16:11:59,../../dataset/valid/N230201442.JPG,49.65034965034965,49.41958041958041,52.25174825174824,True,42.56666666666667,42.208333333333336,43.63333333333333,True,100.0,100.0
28/10/2023 16:11:59,../../dataset/valid/N231401256.JPG,222.74125874125872,141.2657342657343,122.3006993006993,True,241.3166666666667,161.86666666666667,150.04166666666666,True,100.0,100.0
28/10/2023 16:11:59,../../dataset/valid/N230501625.JPG,238.32167832167832,184.22377622377624,167.54545454545453,True,247.225,188.39166666666665,166.5583333333333,True,100.0,100.0
28/10/2023 16:11:59,../../dataset/valid/N236000330.JPG,208.86013986013984,152.7202797202797,112.23076923076921,True,199.83333333333334,135.83333333333334,96.16666666666667,True,100.0,100.0
28/10/2023 16:11:59,../../dataset/valid/N231301025.JPG,215.6013986013986,156.65034965034968,137.84615384615384,True,234.6833333333333,173.5666666666667,153.40833333333336,True,100.0,100.0
28/10/2023 16:11:59,../../dataset/valid/N230301654.JPG,177.55244755244755,129.92307692307693,110.4895104895105,True,160.01666666666668,114.94166666666668,96.61666666666667,True,100.0,100.0
28/10/2023 16:11:59,../../dataset/valid/N230101808.JPG,173.8391608391608,114.91608391608392,91.08391608391608,True,196.35000000000002,137.35,107.31666666666666,True,100.0,100.0
28/10/2023 16:11:59,../../dataset/valid/N230301668.JPG,200.15384615384616,136.83916083916085,100.54545454545456,True,232.5666666666667,174.875,137.90833333333333,True,100.0,100.0
28/10/2023 16:11:59,../../dataset/valid/N231200893.JPG,115.72727272727272,86.25874125874125,84.72727272727273,True,201.79999999999998,139.70000000000002,121.27499999999999,True,100.0,100.0
28/10/2023 16:11:59,../../dataset/valid/N231708792.JPG,108.15384615384617,70.26573426573427,56.95804195804195,True,190.16666666666663,136.60000000000002,115.12499999999999,True,100.0,100.0
28/10/2023 16:11:59,../../dataset/valid/N230701312.JPG,181.97202797202797,126.51048951048952,119.9020979020979,True,212.75,150.16666666666666,133.45000000000002,True,100.0,100.0
28/10/2023 16:11:59,../../dataset/valid/N237100582.JPG,198.66433566433568,136.84615384615387,114.42657342657344,True,225.81666666666663,154.15833333333333,128.38333333333335,True,100.0,100.0
28/10/2023 16:11:59,../../dataset/valid/N230301697.JPG,201.74825174825176,104.06293706293708,68.88811188811191,True,213.11666666666667,114.06666666666666,79.45,True,100.0,100.0
28/10/2023 16:11:59,../../dataset/valid/N230601474.JPG,87.36363636363636,66.17482517482519,68.13286713286713,True,244.1,189.16666666666666,182.95000000000002,True,100.0,100.0
28/10/2023 16:11:59,../../dataset/valid/N230501382.JPG,204.84615384615384,155.54545454545453,128.27972027972027,True,218.80833333333337,173.39999999999998,149.18333333333334,True,100.0,100.0
28/10/2023 16:12:00,../../dataset/valid/N230601514.JPG,155.71328671328672,101.55944055944056,90.76223776223779,True,183.00833333333333,133.7,130.0583333333333,True,100.0,100.0
28/10/2023 16:12:00,../../dataset/valid/N231200918.JPG,203.13286713286715,168.6293706293706,128.8741258741259,True,233.5,207.40833333333333,170.475,True,100.0,100.0
28/10/2023 16:12:00,../../dataset/valid/N230601528.JPG,207.79020979020976,136.53846153846155,113.2867132867133,True,239.93333333333337,165.40833333333336,139.90833333333333,True,100.0,100.0
28/10/2023 16:12:00,../../dataset/valid/N231701615.JPG,47.35664335664335,46.0,47.71328671328671,True,51.541666666666664,45.041666666666664,46.53333333333334,True,100.0,100.0
28/10/2023 16:12:00,../../dataset/valid/N230201522.JPG,160.32167832167835,101.08391608391608,72.5174825174825,True,182.81666666666663,116.15000000000002,89.53333333333335,True,100.0,100.0
28/10/2023 16:12:00,../../dataset/valid/N236100545.JPG,212.8041958041958,134.60139860139859,101.66433566433567,True,245.6166666666667,160.20000000000002,123.36666666666667,True,100.0,100.0
28/10/2023 16:12:00,../../dataset/valid/N230201579.JPG,204.37062937062942,149.24475524475525,98.99300699300699,True,221.1,166.175,110.05,True,100.0,100.0
28/10/2023 16:12:00,../../dataset/valid/N230601567.JPG,178.65734265734267,124.52447552447553,105.46153846153848,True,232.90833333333333,169.15833333333336,148.7416666666667,True,100.0,100.0
28/10/2023 16:12:00,../../dataset/valid/N239001223.JPG,164.83216783216784,112.72027972027975,112.69930069930071,True,193.21666666666667,131.25833333333333,118.75,True,100.0,100.0
28/10/2023 16:12:00,../../dataset/valid/N231401190.JPG,177.993006993007,122.84615384615384,99.75524475524475,True,230.42500000000004,159.59166666666667,131.50833333333335,True,100.0,100.0
28/10/2023 16:12:00,../../dataset/valid/N231601100.JPG,190.3426573426573,131.86713286713285,95.11188811188809,True,222.94166666666663,157.35833333333335,114.64166666666665,True,100.0,100.0
28/10/2023 16:12:00,../../dataset/valid/N231300943.JPG,182.7482517482517,112.20279720279723,79.66433566433565,True,215.63333333333335,139.79166666666666,104.41666666666667,True,100.0,100.0
28/10/2023 16:12:00,../../dataset/valid/N230301747.JPG,158.45454545454547,115.10489510489509,105.78321678321677,True,188.25833333333333,140.67499999999998,130.625,True,100.0,100.0
28/10/2023 16:12:00,../../dataset/valid/N231100910.JPG,166.11888111888112,113.09090909090911,98.01398601398601,True,195.53333333333333,145.03333333333333,131.025,True,100.0,100.0
28/10/2023 16:12:00,../../dataset/valid/N231300994.JPG,202.25174825174824,122.78321678321679,100.74125874125875,True,227.33333333333334,151.09166666666667,119.46666666666668,True,100.0,100.0
28/10/2023 16:12:00,../../dataset/valid/N230601361.JPG,198.0979020979021,147.08391608391605,142.4265734265734,True,209.88333333333333,149.60833333333335,136.10833333333332,True,100.0,100.0
28/10/2023 16:12:00,../../dataset/valid/N230601349.JPG,172.32167832167835,128.56643356643357,128.3986013986014,True,198.6,146.13333333333335,127.14999999999999,True,100.0,100.0
28/10/2023 16:12:00,../../dataset/valid/N230101660.JPG,159.78321678321677,107.39860139860139,91.00699300699301,True,214.40833333333333,152.40833333333333,131.40833333333333,True,100.0,100.0
28/10/2023 16:12:00,../../dataset/valid/N231701712.JPG,188.7832167832168,138.979020979021,108.02797202797203,True,243.68333333333337,179.0666666666667,138.50000000000003,True,100.0,100.0
28/10/2023 16:12:00,../../dataset/valid/N239001141.JPG,134.34965034965035,104.11188811188812,93.79020979020979,True,172.04999999999998,143.28333333333333,133.38333333333333,True,100.0,100.0
28/10/2023 16:12:00,../../dataset/valid/N231101039.JPG,138.46153846153845,101.6153846153846,95.35664335664335,True,211.35,156.725,139.14166666666665,True,100.0,100.0
28/10/2023 16:12:00,../../dataset/valid/N231401225.JPG,183.02797202797197,140.41958041958043,118.06293706293708,True,213.45833333333334,168.45833333333331,145.45833333333331,True,100.0,100.0
28/10/2023 16:12:00,../../dataset/valid/N236000343.JPG,196.66433566433568,138.90209790209792,100.47552447552447,True,203.88333333333333,145.29999999999998,104.95,True,100.0,100.0
28/10/2023 16:12:00,../../dataset/valid/N239001197.JPG,218.55944055944053,139.93706293706293,98.34265734265735,True,250.21666666666667,187.26666666666668,138.40833333333333,True,100.0,100.0
28/10/2023 16:12:00,../../dataset/valid/N231501032.JPG,169.11888111888112,129.14685314685315,109.91608391608393,True,175.65833333333333,130.75833333333333,109.72499999999998,True,100.0,100.0
28/10/2023 16:12:00,../../dataset/valid/N230101661.JPG,173.8041958041958,106.94405594405592,73.26573426573427,True,210.07500000000002,131.49999999999997,94.18333333333334,True,100.0,100.0
28/10/2023 16:12:00,../../dataset/valid/N230601360.JPG,115.46153846153847,91.92307692307693,95.46853146853147,True,121.91666666666667,99.41666666666667,102.08333333333333,True,100.0,100.0
28/10/2023 16:12:00,../../dataset/valid/N230601374.JPG,186.18881118881123,131.83916083916083,125.21678321678323,True,208.65,146.65,134.38333333333333,True,100.0,100.0
28/10/2023 16:12:00,../../dataset/valid/N231300942.JPG,188.93706293706293,136.32867132867133,108.47552447552448,True,233.85833333333335,181.69166666666663,150.10833333333332,True,100.0,100.0
28/10/2023 16:12:01,../../dataset/valid/N230701228.JPG,215.6433566433567,155.74825174825173,130.93706293706293,True,225.82499999999996,155.64166666666668,128.78333333333336,True,100.0,100.0
28/10/2023 16:12:01,../../dataset/valid/N231601129.JPG,188.1888111888112,137.74825174825173,127.46853146853147,True,202.82499999999996,156.82500000000002,141.40833333333333,True,100.0,100.0
28/10/2023 16:12:01,../../dataset/valid/N238000201.JPG,195.48951048951045,140.75524475524475,127.18181818181816,True,212.14166666666662,143.61666666666667,118.79166666666667,True,100.0,100.0
28/10/2023 16:12:01,../../dataset/valid/N230601570.JPG,197.8601398601399,139.97202797202797,100.92307692307692,True,221.42500000000004,181.3083333333333,150.18333333333334,True,100.0,100.0
28/10/2023 16:12:01,../../dataset/valid/N238100559.JPG,210.67832167832168,134.24475524475525,83.81118881118883,True,227.775,150.775,96.77499999999999,True,100.0,100.0
28/10/2023 16:12:01,../../dataset/valid/N231200798.JPG,169.46153846153845,127.78321678321679,119.16083916083917,True,226.08333333333334,161.08333333333334,148.8,True,100.0,100.0
28/10/2023 16:12:01,../../dataset/valid/N230101717.JPG,211.03496503496504,148.0979020979021,135.7972027972028,True,224.92499999999998,160.92499999999998,150.09166666666664,True,100.0,100.0
28/10/2023 16:12:01,../../dataset/valid/N231300954.JPG,126.7062937062937,116.37062937062939,118.72727272727273,True,191.5583333333333,157.725,153.3083333333333,True,100.0,100.0
28/10/2023 16:12:01,../../dataset/valid/N230101918.JPG,160.7062937062937,127.60839160839161,103.58741258741257,True,198.15833333333333,155.40833333333333,127.99166666666666,True,100.0,100.0
28/10/2023 16:12:01,../../dataset/valid/N230501523.JPG,57.12587412587413,53.167832167832174,50.881118881118866,True,94.13333333333334,64.19166666666666,53.37499999999999,True,100.0,100.0
28/10/2023 16:12:01,../../dataset/valid/N231200820.JPG,178.21678321678323,123.30769230769232,104.82517482517481,True,203.9416666666667,143.19166666666666,122.95833333333333,True,100.0,100.0
28/10/2023 16:12:01,../../dataset/valid/N231100873.JPG,200.30069930069928,111.9020979020979,66.83216783216781,True,251.5,147.93333333333337,96.81666666666666,True,100.0,100.0
28/10/2023 16:12:01,../../dataset/valid/N231101012.JPG,146.7972027972028,75.65034965034964,56.643356643356654,True,193.7583333333333,111.78333333333335,82.38333333333334,True,100.0,100.0
28/10/2023 16:12:01,../../dataset/valid/N230201432.JPG,202.90909090909093,129.0979020979021,104.55944055944056,True,228.62500000000003,156.70000000000002,126.66666666666667,True,100.0,100.0
28/10/2023 16:12:01,../../dataset/valid/N236000354.JPG,136.1398601398601,108.21678321678323,91.75524475524475,True,127.30833333333334,99.28333333333332,92.49166666666667,True,100.0,100.0
28/10/2023 16:12:01,../../dataset/valid/N230301631.JPG,150.72727272727272,104.04195804195803,88.65734265734265,True,171.65,112.75833333333334,93.40833333333332,True,100.0,100.0
28/10/2023 16:12:01,../../dataset/valid/N231100866.JPG,193.46853146853147,165.21678321678323,139.1188811188811,True,190.20000000000002,151.49166666666665,112.25000000000001,True,100.0,100.0
28/10/2023 16:12:01,../../dataset/valid/N230201631.JPG,134.04195804195805,88.47552447552448,83.5034965034965,True,224.95833333333337,169.03333333333333,160.96666666666667,True,100.0,100.0
28/10/2023 16:12:01,../../dataset/valid/N231200835.JPG,171.1748251748252,121.0699300699301,97.4125874125874,True,204.90833333333333,161.84166666666667,144.80833333333334,True,100.0,100.0
28/10/2023 16:12:01,../../dataset/valid/N231701704.JPG,208.14685314685318,150.27272727272725,130.23076923076923,True,232.9333333333333,168.79166666666669,148.60833333333332,True,100.0,100.0
28/10/2023 16:12:01,../../dataset/valid/N231200809.JPG,138.2237762237762,88.6013986013986,57.167832167832174,True,240.21666666666667,169.71666666666667,124.35000000000001,True,100.0,100.0
28/10/2023 16:12:01,../../dataset/valid/N230101886.JPG,215.87412587412584,156.7902097902098,126.62937062937065,True,245.80833333333337,176.92499999999998,140.35833333333332,True,100.0,100.0
28/10/2023 16:12:01,../../dataset/valid/N231200772.JPG,93.09790209790208,68.95104895104895,59.2027972027972,True,185.8083333333333,119.20833333333333,83.45833333333333,True,100.0,100.0
28/10/2023 16:12:01,../../dataset/valid/N231701664.JPG,157.96503496503496,93.42657342657343,62.60839160839161,True,225.04166666666666,150.25,120.10000000000001,True,100.0,100.0
28/10/2023 16:12:01,../../dataset/valid/N230201547.JPG,160.11188811188808,120.99999999999999,102.13286713286712,True,175.9416666666667,131.8666666666667,117.3416666666667,True,100.0,100.0
28/10/2023 16:12:01,../../dataset/valid/N231701466.JPG,223.56643356643357,151.06993006993008,97.42657342657343,True,231.68333333333337,148.80833333333337,100.425,True,100.0,100.0
28/10/2023 16:12:01,../../dataset/valid/N230201543.JPG,170.8741258741259,119.39160839160839,97.7132867132867,True,177.82500000000002,124.53333333333332,101.75833333333333,True,100.0,100.0
28/10/2023 16:12:01,../../dataset/valid/N239001219.JPG,224.71328671328678,154.27972027972027,110.04195804195804,True,244.63333333333333,183.18333333333337,150.0,True,100.0,100.0
28/10/2023 16:12:01,../../dataset/valid/N231300951.JPG,201.979020979021,144.41258741258738,115.06293706293708,True,223.16666666666666,158.89166666666668,128.425,True,100.0,100.0
28/10/2023 16:12:02,../../dataset/valid/N230301796.JPG,162.06993006993005,122.53146853146853,109.89510489510491,True,184.2166666666667,124.15833333333335,100.84999999999998,True,100.0,100.0
28/10/2023 16:12:02,../../dataset/valid/N230301782.JPG,141.35664335664333,100.10489510489512,83.46853146853147,True,189.80833333333337,133.9416666666667,106.60833333333335,True,100.0,100.0
28/10/2023 16:12:02,../../dataset/valid/N230501532.JPG,164.81118881118886,105.87412587412587,87.04195804195804,True,197.44166666666663,129.20833333333334,100.28333333333335,True,100.0,100.0
28/10/2023 16:12:02,../../dataset/valid/N230501526.JPG,87.02097902097901,65.58741258741259,63.314685314685306,True,193.04999999999998,137.45833333333334,117.41666666666667,True,100.0,100.0
28/10/2023 16:12:02,../../dataset/valid/N231200776.JPG,123.37062937062939,76.61538461538463,64.65734265734267,True,126.44166666666666,74.4,56.208333333333336,True,100.0,100.0
28/10/2023 16:12:02,../../dataset/valid/N231701700.JPG,223.12587412587416,144.34265734265736,113.63636363636364,True,246.13333333333335,166.13333333333335,141.13333333333335,True,100.0,100.0
28/10/2023 16:12:02,../../dataset/valid/N231200819.JPG,200.5174825174825,142.94405594405595,104.09790209790208,True,222.45833333333337,157.45833333333334,117.47500000000001,True,100.0,100.0
28/10/2023 16:12:02,../../dataset/valid/N230601367.JPG,231.15384615384616,168.16783216783216,136.00000000000003,True,251.40833333333333,196.6583333333334,166.07500000000002,True,100.0,100.0
28/10/2023 16:12:02,../../dataset/valid/N231703659.JPG,203.82517482517486,154.08391608391608,136.1118881118881,True,234.0583333333333,179.56666666666663,156.60833333333332,True,100.0,100.0
28/10/2023 16:12:02,../../dataset/valid/N231501009.JPG,199.39160839160837,148.5034965034965,128.15384615384613,True,219.2083333333333,168.29166666666666,144.775,True,100.0,100.0
28/10/2023 16:12:02,../../dataset/valid/N230101841.JPG,166.75524475524475,154.7202797202797,142.67132867132867,True,189.35833333333335,177.65,160.71666666666667,True,100.0,100.0
28/10/2023 16:12:02,../../dataset/valid/N231701516.JPG,251.25174825174827,223.49650349650346,196.11888111888112,True,250.8083333333333,229.39166666666665,203.39166666666668,True,100.0,100.0
28/10/2023 16:12:02,../../dataset/valid/N231301044.JPG,167.6853146853147,134.25174825174824,114.57342657342657,True,171.90833333333333,135.54166666666666,106.94166666666666,True,100.0,100.0
28/10/2023 16:12:02,../../dataset/valid/N231301078.JPG,172.6293706293706,137.32867132867133,133.65734265734267,True,200.54999999999998,151.29999999999998,137.78333333333336,True,100.0,100.0
28/10/2023 16:12:02,../../dataset/valid/N230101854.JPG,108.73426573426573,87.87412587412588,76.25874125874125,True,163.66666666666669,124.02499999999999,102.41666666666667,True,100.0,100.0
28/10/2023 16:12:02,../../dataset/valid/N230101883.JPG,113.65034965034964,91.81118881118881,77.36363636363636,True,152.54166666666666,119.37499999999999,94.675,True,100.0,100.0
28/10/2023 16:12:02,../../dataset/valid/N230601366.JPG,181.25874125874128,114.93706293706295,88.58741258741257,True,223.85,141.16666666666666,106.47500000000001,True,100.0,100.0
28/10/2023 16:12:02,../../dataset/valid/N231200824.JPG,129.82517482517483,97.67832167832168,94.11888111888112,True,181.50833333333333,135.775,120.79166666666667,True,100.0,100.0
28/10/2023 16:12:02,../../dataset/valid/N238100575.JPG,199.71328671328672,141.85314685314685,116.80419580419581,True,222.54999999999998,153.53333333333333,122.68333333333332,True,100.0,100.0
28/10/2023 16:12:02,../../dataset/valid/N230301797.JPG,215.90209790209792,160.41958041958043,129.25874125874125,True,227.8083333333333,168.8083333333333,136.80833333333334,True,100.0,100.0
28/10/2023 16:12:02,../../dataset/valid/N231401197.JPG,169.60839160839163,100.9020979020979,81.16083916083917,True,241.98333333333335,152.35833333333338,128.7583333333333,True,100.0,100.0
28/10/2023 16:12:02,../../dataset/valid/N231600966.JPG,160.48251748251747,118.20279720279721,96.04895104895105,True,198.38333333333335,143.13333333333335,106.74166666666667,True,100.0,100.0
28/10/2023 16:12:02,../../dataset/valid/N231701463.JPG,169.6153846153846,119.6783216783217,104.48951048951048,True,171.75833333333333,116.36666666666667,97.13333333333331,True,100.0,100.0
28/10/2023 16:12:02,../../dataset/valid/N230201554.JPG,51.56643356643357,44.17482517482517,39.57342657342657,True,215.50833333333333,149.05833333333337,108.72500000000001,True,100.0,100.0
28/10/2023 16:12:02,../../dataset/valid/N231701677.JPG,143.9230769230769,104.73426573426575,85.0839160839161,True,192.08333333333334,151.6,128.25,True,100.0,100.0
28/10/2023 16:12:02,../../dataset/valid/N230601576.JPG,200.97202797202797,129.6153846153846,95.96503496503496,True,223.84166666666667,147.42499999999998,99.86666666666667,True,100.0,100.0
28/10/2023 16:12:02,../../dataset/valid/N231300985.JPG,175.76923076923077,131.93706293706296,115.37762237762237,True,194.16666666666666,145.82500000000002,127.03333333333335,True,100.0,100.0
28/10/2023 16:12:02,../../dataset/valid/N230601589.JPG,66.8881118881119,48.60839160839161,37.59440559440559,True,191.44166666666663,141.4416666666667,118.21666666666665,True,100.0,100.0
28/10/2023 16:12:02,../../dataset/valid/N230101671.JPG,169.86013986013984,101.6153846153846,85.19580419580419,True,201.375,128.375,111.375,True,100.0,100.0
28/10/2023 16:12:03,../../dataset/valid/N230701364.JPG,211.99300699300704,147.5944055944056,120.68531468531471,True,246.29999999999998,172.1833333333333,127.78333333333335,True,100.0,100.0
28/10/2023 16:12:03,../../dataset/valid/N230601364.JPG,200.09790209790214,113.79020979020977,73.02097902097901,True,245.66666666666663,159.91666666666666,113.08333333333333,True,100.0,100.0
28/10/2023 16:12:03,../../dataset/valid/N230501445.JPG,223.11888111888112,167.4965034965035,135.11888111888112,True,239.55833333333337,186.07500000000002,154.775,True,100.0,100.0
28/10/2023 16:12:03,../../dataset/valid/N231701529.JPG,209.47552447552445,141.39160839160837,113.56643356643356,True,222.30000000000004,137.4333333333333,102.83333333333336,True,100.0,100.0
28/10/2023 16:12:03,../../dataset/valid/N232800024.JPG,184.72727272727272,131.93706293706293,115.93706293706295,True,195.26666666666668,143.68333333333334,125.075,True,100.0,100.0
28/10/2023 16:12:03,../../dataset/valid/N230601600.JPG,181.68531468531467,134.9020979020979,124.03496503496505,True,211.85833333333332,153.85833333333335,133.03333333333333,True,100.0,100.0
28/10/2023 16:12:03,../../dataset/valid/N239001150.JPG,187.77622377622376,134.12587412587413,103.90209790209789,True,211.59166666666667,157.625,132.39166666666668,True,100.0,100.0
28/10/2023 16:12:03,../../dataset/valid/N230201408.JPG,166.13286713286715,130.46153846153845,101.14685314685315,True,191.5,155.5666666666667,130.91666666666666,True,100.0,100.0
28/10/2023 16:12:03,../../dataset/valid/N230201420.JPG,140.37762237762237,85.17482517482519,59.580419580419594,True,175.48333333333332,127.19999999999999,101.65833333333335,True,100.0,100.0
28/10/2023 16:12:03,../../dataset/valid/N238100600.JPG,28.440559440559444,28.335664335664333,39.82517482517482,True,91.52499999999999,55.9,58.26666666666667,True,100.0,100.0
28/10/2023 16:12:03,../../dataset/valid/N239001179.JPG,196.23076923076923,143.18881118881114,128.97902097902096,True,206.40833333333333,145.40833333333333,124.42500000000001,True,100.0,100.0
28/10/2023 16:12:03,../../dataset/valid/N230601629.JPG,67.86013986013985,65.37762237762239,61.09790209790209,True,83.3,82.325,75.19166666666668,True,100.0,100.0
28/10/2023 16:12:03,../../dataset/valid/N231301085.JPG,139.34265734265736,93.14685314685315,79.09790209790211,True,209.79166666666666,153.60000000000002,115.05000000000001,True,100.0,100.0
28/10/2023 16:12:03,../../dataset/valid/N230201623.JPG,222.4125874125874,162.8111888111888,130.8951048951049,True,246.39999999999998,185.17499999999998,148.95833333333334,True,100.0,100.0
28/10/2023 16:12:03,../../dataset/valid/N231100874.JPG,238.16083916083915,143.83216783216784,95.82517482517483,True,251.1583333333333,158.98333333333332,108.14166666666665,True,100.0,100.0
28/10/2023 16:12:03,../../dataset/valid/N230101664.JPG,215.04895104895104,147.55244755244757,133.3286713286713,True,234.6,168.61666666666665,152.58333333333331,True,100.0,100.0
28/10/2023 16:12:03,../../dataset/valid/N231200774.JPG,220.99999999999997,154.67832167832168,130.55944055944056,True,252.23333333333332,182.39999999999998,157.35833333333332,True,100.0,100.0
28/10/2023 16:12:03,../../dataset/valid/N238000204.JPG,158.16783216783216,99.92307692307692,76.16783216783216,True,200.42499999999998,131.44166666666666,100.79166666666669,True,100.0,100.0
28/10/2023 16:12:03,../../dataset/valid/N230301780.JPG,194.64335664335664,132.93706293706293,93.81118881118881,True,220.54166666666666,155.11666666666667,118.73333333333335,True,100.0,100.0
28/10/2023 16:12:03,../../dataset/valid/N230101710.JPG,174.8601398601399,121.04195804195804,95.4965034965035,True,181.45000000000002,125.44999999999999,102.45,True,100.0,100.0
28/10/2023 16:12:03,../../dataset/valid/N236100555.JPG,212.993006993007,142.47552447552445,111.16083916083916,True,233.99999999999997,153.99999999999997,119.83333333333333,True,100.0,100.0
28/10/2023 16:12:03,../../dataset/valid/N237100668.JPG,140.1118881118881,98.27272727272727,83.37762237762237,True,233.9166666666667,169.91666666666666,142.49999999999997,True,100.0,100.0
28/10/2023 16:12:03,../../dataset/valid/N231701448.JPG,61.55244755244756,44.55944055944056,33.825174825174834,True,207.025,154.63333333333335,124.64166666666667,True,100.0,100.0
28/10/2023 16:12:03,../../dataset/valid/N239001031.JPG,89.6083916083916,63.790209790209786,41.02797202797203,True,167.525,128.28333333333333,92.63333333333334,True,100.0,100.0
28/10/2023 16:12:03,../../dataset/valid/N231701460.JPG,183.91608391608395,150.48251748251747,140.74125874125872,True,208.04999999999998,161.84166666666664,136.4,True,100.0,100.0
